Workbook

Sheet Tong_quan
A1: Bộ dữ liệu mẫu để sinh giọng nói trong xe cho huấn luyện ASR tiếng Việt – phiên bản 0.3
A2: 12/10/2026. Viết lại từ bản 0.2: tách case study theo mục đích dữ liệu và gắn mỗi yếu tố ảnh hưởng với bước xử lý đã trao đổi.
A4: TRẢ LỜI CÂU HỎI: BỘ MẪU CÂU CÓ PHẢI ĐÁP ỨNG CÁC YẾU TỐ ẢNH HƯỞNG KHÔNG?
A5: Có, nhưng chỉ một phần | B5: Bộ mẫu câu phải đáp ứng các yếu tố mà chính câu quyết định (số, địa chỉ, tên riêng, từ vùng, câu cụt, độ dài...). Các yếu tố còn lại do bước khác xử lý: chọn giọng, điều khiển TTS, trộn nhiễu sau TTS, hoặc chỉ đo ở bộ đánh giá. Sheet Buoc_xu_ly và Yeu_to cho biết yếu tố nào ở bước nào.
A6: Số yếu tố do câu quyết định (bước 1) | B6: =COUNTIF(Yeu_to!$G$4:$G$74,"1.*") -> 15
A7: Số yếu tố do bước khác quyết định | B7: =COUNTA(Yeu_to!$C$4:$C$74)-B6 -> 56
A8: Tổng số yếu tố | B8: =COUNTA(Yeu_to!$C$4:$C$74) -> 71
A10: QUY TRÌNH TỔNG QUÁT
A11: Bước 1 | B11: Chọn giọng thật sạch từ bộ dữ liệu có nhãn vùng (Bắc, Trung, Nam) và chọn đoạn tham chiếu.
A12: Bước 2 | B12: Clone hoặc tinh chỉnh TTS (zero-shot trước; tinh chỉnh theo vùng nếu giọng vùng bị kéo về giọng chuẩn). Mục tiêu của TTS là sinh dữ liệu, không phải huấn luyện ASR.
A13: Bước 3 | B13: Sinh câu của người dùng trong xe (M1, M2) và tập đối chiếu ngoài miền xe (M3) bằng cùng giọng, dạng âm thanh sạch.
A14: Bước 4 | B14: Trộn nhiễu xe thật, đáp ứng xung khoang xe, giọng người khác, nhạc; đặt SNR; ghi lại nguồn ồn.
A15: Bước 5 | B15: Huấn luyện ASR bằng dữ liệu thật ngoài miền xe cộng dữ liệu sinh đã trộn nhiễu.
A16: Bước 6 | B16: Đánh giá trên bộ thật giữ riêng; bộ M4 dùng để chọn mô hình TTS trước khi sinh hàng loạt.
A18: CÁC SHEET
A19: Muc_dich | B19: 5 mục đích dữ liệu M1–M5: ai nói, dùng vào đâu, có vào huấn luyện ASR không.
A20: Case_study | B20: 12 case study, mỗi case gắn mục đích chính, phần người dùng và phần trợ lý, yếu tố trọng yếu, preset môi trường.
A21: Yeu_to | B21: 71 yếu tố đã trao đổi, mỗi yếu tố gắn bước xử lý chính, cách xử lý, bằng chứng, số câu mẫu phủ.
A22: Buoc_xu_ly | B22: Số yếu tố theo từng bước xử lý.
A23: Ma_tran | B23: Case × yếu tố do câu quyết định, kèm số câu mẫu phủ từng yếu tố.
A24: Mau_khung | B24: Mẫu câu × khe thông tin; sức chứa tổ hợp để phủ số câu cần.
A25: Mau_cau | B25: Câu mẫu của người dùng (M1, M2) và câu chẩn đoán (M4), có nhãn yếu tố.
A26: Chi_tieu | B26: Số người nói, số câu, giờ âm thanh, tỷ lệ sinh/thật; ô vàng sửa được.
A27: Preset_moi_truong | B27: 17 preset môi trường kèm nguồn ồn thật có thể dùng.
A28: Danh_gia | B28: Điểm giải pháp và điểm giữ giọng vùng (nhận định của mình, không phải số đo).
A29: Ho_so_nguoi_noi | B29: Mẫu hồ sơ giọng thật sẽ clone.
A30: Nguon_giay_phep | B30: Nguồn dữ liệu và tình trạng giấy phép.
... A32: Tu_dia_phuong, Tu_vung | B32: Từ vựng vùng miền và danh sách giá trị cho ô chọn.
A34: LƯU Ý
A35: Số liệu | B35: Các hạn ngạch (số người nói, số câu, tỷ lệ) lấy từ các bài báo tiếng Anh, Hàn, Mân Nam; chưa ai kiểm cho tiếng Việt. Xem Danh_gia và Tai_lieu.
A36: Câu mẫu | B36: Câu mẫu chỉ để minh họa cấu trúc và nhãn. Từ vựng và cách đọc từng vùng cần người bản ngữ duyệt trước khi dùng.
A37: M3 | B37: Tập đối chiếu ngoài miền xe chưa có transcript vì chưa chọn bộ thật; chỉ cần lấy từ bộ thật đã chọn, không dùng câu của tập kiểm thử.
A39: THAM SỐ ƯỚC LƯỢNG THỜI LƯỢNG (sửa được)
A40: Tốc độ nói để ước thời lượng | B40: 4.5 | C40: âm tiết/giây | D40: Giá trị vừa của bản 0.2 (chọn tạm, chưa đo).

Sheet Muc_dich
A1: Mục đích dữ liệu M1–M5
A2: Mỗi dòng của Mau_cau thuộc đúng một mục đích. Cột xanh lá tự tính.
A3: Mã | B3: Tên | C3: Ai nói | D3: Dùng để làm gì | E3: Vào huấn luyện ASR | F3: Vào kiểm thử | G3: Nguồn văn bản | H3: Nguồn giọng | I3: Bước áp dụng | J3: Ghi chú | K3: Số câu mẫu trong Mau_cau
A4: M1 | B4: Lệnh và câu hỏi của người dùng trong xe (sinh) | C4: Người dùng | D4: Dữ liệu chính cần sinh: những gì người lái hoặc hành khách nói với trợ lý. Đây là thứ ASR phải nhận ra. | E4: Có | F4: Một phần giữ lại, chia theo người nói và mẫu câu | G4: Mẫu câu × khe + diễn đạt lại bằng LLM, người bản ngữ duyệt (xem Mau_khung) | H4: Clone từ giọng thật có nhãn vùng; đoạn tham chiếu cùng vùng với từ vựng của câu | I4: Bước 1 đến 5 (mọi yếu tố phía người nói và nhiễu) | J4: Phần lớn số câu nằm ở đây. Chưa có paper đo trên tiếng Việt. | K4: =COUNTIF(Mau_cau!$B$4:$B$300,A4) -> 53
A5: M2 | B5: Câu trả lời ngắn cho trợ lý (sinh) | C5: Người dùng | D5: Câu 1 đến 3 âm tiết đáp lại câu hỏi của hệ thống: có, không, cái thứ hai, hủy, một con số. | E5: Có | F5: Một phần giữ lại | G5: Danh sách câu trả lời theo từng loại câu hỏi của hệ thống | H5: Như M1 | I5: Bước 1 đến 5 | J5: Câu rất ngắn là điểm TTS dễ lỗi (PhoAudiobook: XTTS-v2 WER 37,81% trên VIVOS); cần theo dõi riêng. | K5: =COUNTIF(Mau_cau!$B$4:$B$300,A5) -> 12
A6: M3 | B6: Tập đối chiếu ngoài miền xe (sinh) | C6: Người đọc | D6: Cùng giọng, cùng quy trình sinh và trộn nhiễu như M1 nhưng câu lấy từ tập thật ngoài miền xe. Dùng để tách ảnh hưởng của 'giọng sinh' khỏi ảnh hưởng của 'miền xe', và tránh việc ASR học 'âm thanh kiểu TTS là lệnh xe'. | E6: Có | F6: Không | G6: Transcript của bộ thật ngoài miền xe (chưa chọn; kiểm giấy phép từng bộ) | H6: Clone từ cùng kho giọng như M1 | I6: Bước 2 đến 5 | J6: Đề xuất của mình, chưa paper nào kiểm riêng thiết kế này. Không dùng câu của tập kiểm thử. | K6: =COUNTIF(Mau_cau!$B$4:$B$300,A6) -> 0
A7: M4 | B7: Câu chẩn đoán để chọn mô hình TTS | C7: Người đọc | D7: Bộ nhỏ chạy trên các mô hình TTS chưa tinh chỉnh để so sánh: câu rất ngắn, số, tên riêng, cặp thanh điệu, từ vùng, chuyển mã. | E7: Không | F7: Có (đánh giá TTS) | G7: Viết tay, cố định | H7: Một vài giọng mỗi vùng | I7: Chỉ dùng ở bước chọn mô hình | J7: Đo WER hai ASR, độ giống người nói, độ giống giọng vùng, nghe bản ngữ. | K7: =COUNTIF(Mau_cau!$B$4:$B$300,A7) -> 14
A8: M5 | B8: Lời trợ lý phát ra loa trong xe | C8: Trợ lý | D8: Câu dẫn đường, cảnh báo, xác nhận mà trợ lý nói (47 câu mẫu của bảng v0.2 thuộc loại này). | E8: Không | F8: Không (ngoài phạm vi ASR) | G8: Bảng v0.2 (Mau_du_lieu cũ) | H8: Giọng trợ lý | I8: Ngoài phạm vi ASR; thuộc đánh giá TTS sản phẩm | J8: Giữ cho giai đoạn sau. Không đưa vào dữ liệu huấn luyện ASR. | K8: =COUNTIF(Mau_cau!$B$4:$B$300,A8) -> 0

Sheet Case_study
A1: 12 case study theo mục đích
A2: Mục đích chính: M1 người dùng nói lệnh, M2 câu trả lời ngắn, M5 trợ lý nói. Liên quan ASR là nhận định của mình dựa trên việc ai nói chủ yếu.
A3: Mã | B3: Tên case | C3: Mô tả | D3: Mục đích chính | E3: Liên quan ASR | F3: Phần người dùng nói (M1, M2) | G3: Phần trợ lý nói (M5, ngoài ASR) | H3: Lý do và điểm khó | I3: Yếu tố trọng yếu (mã) | J3: Preset môi trường | K3: Ghi chú | L3: Câu mẫu M1 | M3: Câu mẫu M2 | N3: Trọng số (Chi_tieu) | O3: Số câu mục tiêu (Chi_tieu)
A4: CS01 | B4: Dẫn đường | C4: Chỉ đường từng chặng: rẽ, khoảng cách, tên đường, đích đến. | D4: M1 | E4: Có | F4: dẫn đường đến địa chỉ; hỏi còn bao xa; tìm đường tránh tắc; hỏi giờ đến; hủy dẫn đường | G4: báo rẽ, báo khoảng cách, báo đã đến, đổi lộ trình | H4: Người dùng nói địa chỉ, số nhà, tên đường nhiều nhất; tên riêng và từ địa phương (hẻm/ngõ, quẹo/rẽ) là lỗi hay gặp. | I4: E03; E04; S51; S53; S54; D01 | J4: E02; E03; E12; E10; E13 | L4: =COUNTIFS(Mau_cau!$C$4:$C$300,A4,Mau_cau!$B$4:$B$300,"M1") -> 8 | M4: =COUNTIFS(Mau_cau!$C$4:$C$300,A4,Mau_cau!$B$4:$B$300,"M2") -> 0 | N4: =INDEX(Chi_tieu!$C$27:$C$38,MATCH(A4,Chi_tieu!$A$27:$A$38,0)) -> 0.15 | O4: =INDEX(Chi_tieu!$D$27:$D$38,MATCH(A4,Chi_tieu!$A$27:$A$38,0)) -> 1500
A5: CS02 | B5: Cảnh báo an toàn (ADAS) | C5: Cảnh báo va chạm, lệch làn, mệt mỏi, điểm mù, quá tốc độ. | D5: M5 | E5: Hầu như không | F5: tắt hoặc bật cảnh báo; nói 'tôi ổn' khi bị nhắc mệt | G5: va chạm phía trước, lệch làn, người lái mệt, điểm mù, vượt tốc độ | H5: Gần như toàn bộ do hệ thống tự phát. Phần người dùng rất nhỏ nên chỉ lấy một lát để thử giọng mệt mỏi. | I5: D03; S21; S22; S23 | J5: E03; E05; E07; E04; E14 | K5: Trọng số sinh thấp. | L5: =COUNTIFS(Mau_cau!$C$4:$C$300,A5,Mau_cau!$B$4:$B$300,"M1") -> 2 | M5: =COUNTIFS(Mau_cau!$C$4:$C$300,A5,Mau_cau!$B$4:$B$300,"M2") -> 0 | N5: =INDEX(Chi_tieu!$C$27:$C$38,MATCH(A5,Chi_tieu!$A$27:$A$38,0)) -> 0.03 | O5: =INDEX(Chi_tieu!$D$27:$D$38,MATCH(A5,Chi_tieu!$A$27:$A$38,0)) -> 300
A6: CS03 | B6: Điều khiển xe | C6: Điều chỉnh điều hòa, ghế, cửa kính, cửa sổ trời, đèn trong xe bằng giọng nói. | D6: M1 | E6: Có | F6: đặt nhiệt độ; sưởi ghế; hạ kính; chỉnh quạt; bật sấy kính | G6: xác nhận thông số | H6: Lệnh ngắn, nhiều thông số; có từ vùng (kính/kiếng, điều hòa/máy lạnh) và chuyển mã (air-con). | I6: E02; E03; S51; S52; S55; A04 | J6: E01; E02; E06; E05 | K6: Lõi của bộ M1. | L6: =COUNTIFS(Mau_cau!$C$4:$C$300,A6,Mau_cau!$B$4:$B$300,"M1") -> 9 | M6: =COUNTIFS(Mau_cau!$C$4:$C$300,A6,Mau_cau!$B$4:$B$300,"M2") -> 0 | N6: =INDEX(Chi_tieu!$C$27:$C$38,MATCH(A6,Chi_tieu!$A$27:$A$38,0)) -> 0.14 | O6: =INDEX(Chi_tieu!$D$27:$D$38,MATCH(A6,Chi_tieu!$A$27:$A$38,0)) -> 1400
A7: CS04 | B7: Giải trí (nhạc, radio) | C7: Phát nhạc, chuyển kênh radio, chỉnh âm lượng. | D7: M1 | E7: Có | F7: mở bài hoặc danh sách nhạc; chuyển kênh; chỉnh âm lượng; hỏi đang phát gì | G7: xác nhận bài, kênh | H7: Tên bài, tên kênh, từ mượn tiếng Anh; nhạc đang phát là nguồn ồn chính. | I7: E05; E07; S55; A07; A14 | J7: E07; E02; E08; E17 | L7: =COUNTIFS(Mau_cau!$C$4:$C$300,A7,Mau_cau!$B$4:$B$300,"M1") -> 5 | M7: =COUNTIFS(Mau_cau!$C$4:$C$300,A7,Mau_cau!$B$4:$B$300,"M2") -> 0 | N7: =INDEX(Chi_tieu!$C$27:$C$38,MATCH(A7,Chi_tieu!$A$27:$A$38,0)) -> 0.12 | O7: =INDEX(Chi_tieu!$D$27:$D$38,MATCH(A7,Chi_tieu!$A$27:$A$38,0)) -> 1200
A8: CS05 | B8: Điện thoại và tin nhắn | C8: Báo cuộc gọi, đọc tin nhắn, gọi theo số hoặc tên. | D8: M1 | E8: Có | F8: gọi tên; gọi số; đọc tin nhắn; trả lời tin nhắn | G8: báo cuộc gọi đến, đọc tin nhắn | H8: Số điện thoại, tên người, xưng hô theo vùng (mạ/má/mẹ); hành khách nói chen. | I8: E03; E06; S52; S53; A14 | J8: E11; E02; E07; E15 | L8: =COUNTIFS(Mau_cau!$C$4:$C$300,A8,Mau_cau!$B$4:$B$300,"M1") -> 6 | M8: =COUNTIFS(Mau_cau!$C$4:$C$300,A8,Mau_cau!$B$4:$B$300,"M2") -> 0 | N8: =INDEX(Chi_tieu!$C$27:$C$38,MATCH(A8,Chi_tieu!$A$27:$A$38,0)) -> 0.12 | O8: =INDEX(Chi_tieu!$D$27:$D$38,MATCH(A8,Chi_tieu!$A$27:$A$38,0)) -> 1200
A9: CS06 | B9: Trạng thái xe và bảo dưỡng | C9: Báo áp suất lốp, nhiên liệu, bảo dưỡng định kỳ, đèn báo. | D9: M1 | E9: Một phần | F9: hỏi áp suất lốp; hỏi nhiên liệu còn lại; hỏi lịch bảo dưỡng | G9: cảnh báo áp suất, nhiên liệu, đèn báo | H9: Phần lớn là hệ thống báo; người dùng chỉ hỏi lại, câu hỏi ngắn. | I9: E03; E07; D01 | J9: E01; E02; E03 | L9: =COUNTIFS(Mau_cau!$C$4:$C$300,A9,Mau_cau!$B$4:$B$300,"M1") -> 3 | M9: =COUNTIFS(Mau_cau!$C$4:$C$300,A9,Mau_cau!$B$4:$B$300,"M2") -> 0 | N9: =INDEX(Chi_tieu!$C$27:$C$38,MATCH(A9,Chi_tieu!$A$27:$A$38,0)) -> 0.05 | O9: =INDEX(Chi_tieu!$D$27:$D$38,MATCH(A9,Chi_tieu!$A$27:$A$38,0)) -> 500
A10: CS07 | B10: Sạc xe điện và trạm nhiên liệu | C10: Hỏi tình trạng pin, tìm trạm sạc, ước tính thời gian và chi phí sạc. | D10: M1 | E10: Có | F10: hỏi pin còn lại; tìm trạm sạc; hỏi thời gian và chi phí sạc | G10: báo pin, trạm gần nhất, chi phí | H10: Số thập phân, phần trăm, tiền VND; cách đọc nghìn/ngàn theo vùng. | I10: E03; E07; S53 | J10: E01; E08; E02 | L10: =COUNTIFS(Mau_cau!$C$4:$C$300,A10,Mau_cau!$B$4:$B$300,"M1") -> 4 | M10: =COUNTIFS(Mau_cau!$C$4:$C$300,A10,Mau_cau!$B$4:$B$300,"M2") -> 0 | N10: =INDEX(Chi_tieu!$C$27:$C$38,MATCH(A10,Chi_tieu!$A$27:$A$38,0)) -> 0.06 | O10: =INDEX(Chi_tieu!$D$27:$D$38,MATCH(A10,Chi_tieu!$A$27:$A$38,0)) -> 600
A11: CS08 | B11: Giao thông và thời tiết | C11: Báo tắc đường, tai nạn, giờ đến dự kiến, dự báo thời tiết. | D11: M1 | E11: Có | F11: hỏi tắc đường phía trước; hỏi thời tiết; hỏi giờ đến | G11: bản tin giao thông, thời tiết | H11: Tên địa danh, giờ, khoảng giá trị; từ vùng (kẹt xe/tắc đường). | I11: E03; E04; S51; D01 | J11: E12; E04; E02 | L11: =COUNTIFS(Mau_cau!$C$4:$C$300,A11,Mau_cau!$B$4:$B$300,"M1") -> 4 | M11: =COUNTIFS(Mau_cau!$C$4:$C$300,A11,Mau_cau!$B$4:$B$300,"M2") -> 0 | N11: =INDEX(Chi_tieu!$C$27:$C$38,MATCH(A11,Chi_tieu!$A$27:$A$38,0)) -> 0.07 | O11: =INDEX(Chi_tieu!$D$27:$D$38,MATCH(A11,Chi_tieu!$A$27:$A$38,0)) -> 700
A12: CS09 | B12: Khẩn cấp và cứu hộ | C12: Phát hiện va chạm nghiêm trọng, sự cố pin, gọi cấp cứu và cứu hộ. | D12: M1 | E12: Một phần | F12: gọi cấp cứu; nói 'tôi ổn'; kêu cứu; gọi cứu hộ | G12: hỏi thăm, gửi vị trí, hướng dẫn rời xe | H12: Người dùng nói trong căng thẳng, to, nhanh, cao giọng (Lombard, cảm xúc). Khó sinh và chưa có bằng chứng; số mẫu ít. | I12: D03; S21; S22; S23; S24; E08 | J12: E03; E01; E04; E17 | K12: Khó nhất về mặt giọng. | L12: =COUNTIFS(Mau_cau!$C$4:$C$300,A12,Mau_cau!$B$4:$B$300,"M1") -> 4 | M12: =COUNTIFS(Mau_cau!$C$4:$C$300,A12,Mau_cau!$B$4:$B$300,"M2") -> 0 | N12: =INDEX(Chi_tieu!$C$27:$C$38,MATCH(A12,Chi_tieu!$A$27:$A$38,0)) -> 0.03 | O12: =INDEX(Chi_tieu!$D$27:$D$38,MATCH(A12,Chi_tieu!$A$27:$A$38,0)) -> 300
A13: CS10 | B13: Hội thoại và gợi ý chủ động | C13: Gợi ý lịch trình, quán gần đây, nhắc việc, hỏi đáp tự nhiên. | D13: M1 | E13: Có | F13: nhắc việc; hỏi quán gần đây; cảm ơn; hỏi đáp chung | G13: gợi ý, nhắc lịch | H13: Câu dài hơn, câu cụt, chuyển mã Anh–Việt; đa dạng diễn đạt lớn nhất. | I13: E05; E06; E08; S23; S33; S55 | J13: E01; E02; E08 | L13: =COUNTIFS(Mau_cau!$C$4:$C$300,A13,Mau_cau!$B$4:$B$300,"M1") -> 5 | M13: =COUNTIFS(Mau_cau!$C$4:$C$300,A13,Mau_cau!$B$4:$B$300,"M2") -> 0 | N13: =INDEX(Chi_tieu!$C$27:$C$38,MATCH(A13,Chi_tieu!$A$27:$A$38,0)) -> 0.11 | O13: =INDEX(Chi_tieu!$D$27:$D$38,MATCH(A13,Chi_tieu!$A$27:$A$38,0)) -> 1100
A14: CS11 | B14: Hành khách và trẻ em | C14: Thông báo cho khoang sau, nhắc dây an toàn ghế sau, nói chuyện với trẻ. | D14: M1 | E14: Một phần | F14: trẻ nhờ mở nhạc; người lớn ra lệnh cho khoang sau; tắt loa sau | G14: nhắc dây an toàn, chế độ yên tĩnh khoang sau | H14: Cần giọng trẻ em, vốn không tạo được từ giọng người lớn một cách đáng tin; cần nguồn giọng trẻ thật có đồng ý. | I14: S12; A14; E06; S21 | J14: E02; E07; E08 | K14: Chỉ làm khi có nguồn giọng trẻ em. | L14: =COUNTIFS(Mau_cau!$C$4:$C$300,A14,Mau_cau!$B$4:$B$300,"M1") -> 3 | M14: =COUNTIFS(Mau_cau!$C$4:$C$300,A14,Mau_cau!$B$4:$B$300,"M2") -> 0 | N14: =INDEX(Chi_tieu!$C$27:$C$38,MATCH(A14,Chi_tieu!$A$27:$A$38,0)) -> 0.03 | O14: =INDEX(Chi_tieu!$D$27:$D$38,MATCH(A14,Chi_tieu!$A$27:$A$38,0)) -> 300
A15: CS12 | B15: Lỗi, làm rõ và ngoại tuyến | C15: Xử lý khi không nghe rõ, trùng tên, mất mạng, tính năng chưa hỗ trợ. | D15: M2 | E15: Có | F15: nói lại; sửa 'không phải, ý tôi là…'; chọn cái thứ hai; hủy | G15: xin lỗi, hỏi lại, báo mất mạng | H15: Phần lớn là câu trả lời rất ngắn, đúng chỗ TTS dễ lỗi và ASR dễ nhầm. | I15: E08; S23; S33; E06 | J15: E02; E03; E07; E10; E16 | K15: Gần hết là M2. | L15: =COUNTIFS(Mau_cau!$C$4:$C$300,A15,Mau_cau!$B$4:$B$300,"M1") -> 0 | M15: =COUNTIFS(Mau_cau!$C$4:$C$300,A15,Mau_cau!$B$4:$B$300,"M2") -> 12 | N15: =INDEX(Chi_tieu!$C$27:$C$38,MATCH(A15,Chi_tieu!$A$27:$A$38,0)) -> 0.09 | O15: =INDEX(Chi_tieu!$D$27:$D$38,MATCH(A15,Chi_tieu!$A$27:$A$38,0)) -> 900
A17: Mã yếu tố dùng ở cột I xem sheet Yeu_to. Số câu mục tiêu và trọng số lấy từ sheet Chi_tieu (sửa ở đó).

Sheet Yeu_to
A1: 71 yếu tố ảnh hưởng: bước xử lý chính và cách xử lý
A2: Bước xử lý chính là nơi yếu tố được giải quyết; bước phụ là nơi cần kiểm hoặc hỗ trợ. Bằng chứng ghi nguồn và giới hạn; 'Chưa có bằng chứng đã đọc' nghĩa là mình chưa có bài báo nào cho điểm này.
A3: Nhóm | B3: Nhóm con | C3: Mã | D3: Yếu tố | E3: Mức | F3: Phía | G3: Bước xử lý chính | H3: Bước phụ | I3: Cách xử lý | J3: Bằng chứng | K3: Tác động | L3: Chỉ số đo | M3: Ưu tiên | N3: Dữ liệu thật | O3: Số câu mẫu phủ
A4: 1. Nhiễu và âm thanh nền | B4: 1.1 Nguồn ồn từ chính chiếc xe | C4: A01 | D4: Tiếng lốp và mặt đường | E4: Loại mặt đường (nhựa mịn, bê tông, sỏi); tốc độ. Chỉ dẫn: Tăng theo tốc độ, năng lượng ở dải thấp đến trung | F4: Cả hai | G4: 4. Trộn nhiễu và mô phỏng khoang xe (sau TTS) | I4: Trộn sau khi có âm thanh sạch; ghi nguồn ồn và snr_actual_dB; dùng nhiều nguồn ồn và ồn đổi giữa câu. | J4: Trộn nhiễu giảm WER khoảng 5,1%, nhiễu cộng vang khoảng 6,6% (Ogun et al. 2025; Common Voice tiếng Anh, 50 giờ thật; cần kiểm chứng cho tiếng Việt). | K4: Che nguyên âm và thanh điệu | L4: WER/CER theo SNR; nghe kiểm thanh điệu | M4: Cao | N4: Thu mẫu nhỏ làm mốc | O4: Không do câu quyết định
A5: 1. Nhiễu và âm thanh nền | B5: 1.1 Nguồn ồn từ chính chiếc xe | C5: A02 | D5: Tiếng gió | E5: Tốc độ; cửa kính; cửa sổ trời. Chỉ dẫn: Tăng mạnh khi mở cửa kính | F5: Cả hai | G5: 4. Trộn nhiễu và mô phỏng khoang xe (sau TTS) | I5: Trộn sau khi có âm thanh sạch; ghi nguồn ồn và snr_actual_dB; dùng nhiều nguồn ồn và ồn đổi giữa câu. | J5: Trộn nhiễu giảm WER khoảng 5,1%, nhiễu cộng vang khoảng 6,6% (Ogun et al. 2025; Common Voice tiếng Anh, 50 giờ thật; cần kiểm chứng cho tiếng Việt). | K5: Nhiễu băng rộng, che phụ âm xát | L5: WER; độ rõ phụ âm | M5: Cao | N5: Thu mẫu nhỏ làm mốc | O5: Không do câu quyết định
A6: 1. Nhiễu và âm thanh nền | B6: 1.1 Nguồn ồn từ chính chiếc xe | C6: A03 | D6: Động cơ hoặc mô-tơ điện | E6: Xăng/dầu/hybrid/điện; vòng tua. Chỉ dẫn: Xe điện nền thấp nhưng có tiếng rít điện | F6: Cả hai | G6: 4. Trộn nhiễu và mô phỏng khoang xe (sau TTS) | I6: Trộn sau khi có âm thanh sạch; ghi nguồn ồn và snr_actual_dB; dùng nhiều nguồn ồn và ồn đổi giữa câu. | J6: Trộn nhiễu giảm WER khoảng 5,1%, nhiễu cộng vang khoảng 6,6% (Ogun et al. 2025; Common Voice tiếng Anh, 50 giờ thật; cần kiểm chứng cho tiếng Việt). | K6: Xe điện làm lỗi nhỏ của TTS lộ rõ hơn | L6: MOS; WER | M6: Trung bình | N6: Thu mẫu nhỏ làm mốc | O6: Không do câu quyết định
A7: 1. Nhiễu và âm thanh nền | B7: 1.1 Nguồn ồn từ chính chiếc xe | C7: A04 | D7: Quạt điều hòa | E7: Mức 0–5; hướng gió. Chỉ dẫn: Mức cao tạo nhiễu băng rộng ở trung–cao | F7: Cả hai | G7: 4. Trộn nhiễu và mô phỏng khoang xe (sau TTS) | I7: Trộn sau khi có âm thanh sạch; ghi nguồn ồn và snr_actual_dB; dùng nhiều nguồn ồn và ồn đổi giữa câu. | J7: Trộn nhiễu giảm WER khoảng 5,1%, nhiễu cộng vang khoảng 6,6% (Ogun et al. 2025; Common Voice tiếng Anh, 50 giờ thật; cần kiểm chứng cho tiếng Việt). | K7: Che phụ âm, giảm độ rõ | L7: WER theo mức quạt | M7: Trung bình | N7: Thu mẫu nhỏ làm mốc | O7: Không do câu quyết định
A8: 1. Nhiễu và âm thanh nền | B8: 1.1 Nguồn ồn từ chính chiếc xe | C8: A09 | D8: Rung và tiếng cấu trúc | E8: Đường xấu, gờ giảm tốc, mặt cầu. Chỉ dẫn: Xung va chạm ngắt quãng | F8: Cả hai | G8: 4. Trộn nhiễu và mô phỏng khoang xe (sau TTS) | I8: Trộn sau khi có âm thanh sạch; ghi nguồn ồn và snr_actual_dB; dùng nhiều nguồn ồn và ồn đổi giữa câu. | J8: Trộn nhiễu giảm WER khoảng 5,1%, nhiễu cộng vang khoảng 6,6% (Ogun et al. 2025; Common Voice tiếng Anh, 50 giờ thật; cần kiểm chứng cho tiếng Việt). | K8: Ngắt âm tiết ngắn | L8: WER | M8: Thấp | N8: Thu mẫu nhỏ làm mốc | O8: Không do câu quyết định
A9: 1. Nhiễu và âm thanh nền | B9: 1.2 Nguồn ồn từ bên ngoài xe | C9: A05 | D9: Mưa và gạt nước | E9: Mưa nhỏ/to; tốc độ gạt. Chỉ dẫn: Mưa to là một trong các nền ồn cao | F9: Cả hai | G9: 4. Trộn nhiễu và mô phỏng khoang xe (sau TTS) | I9: Trộn sau khi có âm thanh sạch; ghi nguồn ồn và snr_actual_dB; dùng nhiều nguồn ồn và ồn đổi giữa câu. | J9: Trộn nhiễu giảm WER khoảng 5,1%, nhiễu cộng vang khoảng 6,6% (Ogun et al. 2025; Common Voice tiếng Anh, 50 giờ thật; cần kiểm chứng cho tiếng Việt). | K9: Nhiễu xung lặp theo nhịp gạt | L9: WER; ổn định giọng | M9: Trung bình | N9: Thu mẫu nhỏ làm mốc | O9: Không do câu quyết định
A10: 1. Nhiễu và âm thanh nền | B10: 1.2 Nguồn ồn từ bên ngoài xe | C10: A06 | D10: Giao thông bên ngoài (còi, xe máy) | E10: Mật độ xe máy; còi liên tục. Chỉ dẫn: Xung ngắn, cường độ cao | F10: Cả hai | G10: 4. Trộn nhiễu và mô phỏng khoang xe (sau TTS) | I10: Trộn sau khi có âm thanh sạch; ghi nguồn ồn và snr_actual_dB; dùng nhiều nguồn ồn và ồn đổi giữa câu. | J10: Trộn nhiễu giảm WER khoảng 5,1%, nhiễu cộng vang khoảng 6,6% (Ogun et al. 2025; Common Voice tiếng Anh, 50 giờ thật; cần kiểm chứng cho tiếng Việt). | K10: Che mất âm tiết ngắn; cảnh báo ngắn dễ bị nuốt | L10: WER; tỷ lệ âm tiết bị mất | M10: Cao | N10: Thu mẫu nhỏ làm mốc | O10: Không do câu quyết định
A11: 1. Nhiễu và âm thanh nền | B11: 1.2 Nguồn ồn từ bên ngoài xe | C11: A10 | D11: Hầm, cầu, gầm cầu | E11: Phản xạ lớn, nền ồn tăng, có thể mất mạng. Chỉ dẫn: Vang dài | F11: Cả hai | G11: 4. Trộn nhiễu và mô phỏng khoang xe (sau TTS) | I11: Trộn sau khi có âm thanh sạch; ghi nguồn ồn và snr_actual_dB; dùng nhiều nguồn ồn và ồn đổi giữa câu. | J11: Trộn nhiễu giảm WER khoảng 5,1%, nhiễu cộng vang khoảng 6,6% (Ogun et al. 2025; Common Voice tiếng Anh, 50 giờ thật; cần kiểm chứng cho tiếng Việt). | K11: Vang làm nhòe âm tiết; mất mạng ảnh hưởng TTS đám mây | L11: WER; hoạt động ngoại tuyến | M11: Trung bình | N11: Thu mẫu nhỏ làm mốc | O11: Không do câu quyết định
A12: 1. Nhiễu và âm thanh nền | B12: 1.3 Nguồn ồn từ bên trong khoang | C12: A07 | D12: Nhạc hoặc radio đang phát | E12: Nhỏ/lớn; có lời hay không lời; bật/tắt ducking. Chỉ dẫn: Cạnh tranh phổ với giọng nói | F12: Cả hai | G12: 4. Trộn nhiễu và mô phỏng khoang xe (sau TTS) | I12: Trộn sau khi có âm thanh sạch; ghi nguồn ồn và snr_actual_dB; dùng nhiều nguồn ồn và ồn đổi giữa câu. | J12: Trộn nhiễu giảm WER khoảng 5,1%, nhiễu cộng vang khoảng 6,6% (Ogun et al. 2025; Common Voice tiếng Anh, 50 giờ thật; cần kiểm chứng cho tiếng Việt). | K12: Che giọng khi nhạc có lời | L12: WER có/không ducking | M12: Cao | N12: Thu mẫu nhỏ làm mốc | O12: Không do câu quyết định
A13: 1. Nhiễu và âm thanh nền | B13: 1.3 Nguồn ồn từ bên trong khoang | C13: A08 | D13: Hành khách nói chuyện, trẻ em | E13: Số người; trẻ khóc hoặc la. Chỉ dẫn: Tiếng người cạnh tranh, khó lọc | F13: Cả hai | G13: 4. Trộn nhiễu và mô phỏng khoang xe (sau TTS) | I13: Trộn sau khi có âm thanh sạch; ghi nguồn ồn và snr_actual_dB; dùng nhiều nguồn ồn và ồn đổi giữa câu. | J13: Trộn nhiễu giảm WER khoảng 5,1%, nhiễu cộng vang khoảng 6,6% (Ogun et al. 2025; Common Voice tiếng Anh, 50 giờ thật; cần kiểm chứng cho tiếng Việt). | K13: Gây phân tâm, làm giảm độ rõ | L13: WER; đánh giá mức phân tâm | M13: Cao | N13: Thu mẫu nhỏ làm mốc | O13: Không do câu quyết định
A14: 1. Nhiễu và âm thanh nền | B14: 1.3 Nguồn ồn từ bên trong khoang | C14: A13 | D14: Âm báo của xe cạnh tranh với giọng trợ lý | E14: Chuông cảnh báo, xi-nhan, bíp lùi, nhắc dây an toàn, âm ADAS: ngắn, lặp, dải trung–cao | F14: Cả hai | G14: 4. Trộn nhiễu và mô phỏng khoang xe (sau TTS) | I14: Trộn sau khi có âm thanh sạch; ghi nguồn ồn và snr_actual_dB; dùng nhiều nguồn ồn và ồn đổi giữa câu. | J14: Chưa có bằng chứng đã đọc. | K14: Chồng lên thông báo, che từ quan trọng; thứ tự ưu tiên giữa âm báo và giọng chưa rõ | L14: WER đoạn bị chồng; tỷ lệ nghe được từ khóa | M14: Cao | N14: Đo trực tiếp | O14: Không do câu quyết định
A15: 1. Nhiễu và âm thanh nền | B15: 1.3 Nguồn ồn từ bên trong khoang | C15: A14 | D15: Người khác nói chồng lên lệnh người dùng | E15: Hành khách nói chen khi người lái ra lệnh; chồng lấn từng phần hoặc hoàn toàn | F15: Đầu vào (ASR) | G15: 4. Trộn nhiễu và mô phỏng khoang xe (sau TTS) | H15: 2. Chọn giọng và đoạn tham chiếu | I15: Cần giọng thứ hai: lấy từ cùng kho giọng clone, trộn ở nhiều mức chồng lấn. | J15: Chưa có bằng chứng đã đọc. | K15: Khác với nền tiếng người (babble): ở đây hai giọng rõ ràng cùng lúc, hệ thống có thể nhận nhầm người ra lệnh | L15: WER; tỷ lệ nhận đúng người ra lệnh | M15: Cao | N15: Không thu được, phải tạo | O15: Không do câu quyết định
A16: 1. Nhiễu và âm thanh nền | B16: 1.4 Tính chất thay đổi theo thời gian | C16: A11 | D16: Nhiều nguồn ồn cùng lúc | E16: Ví dụ gió + lốp + nhạc + quạt; ồn tổng tính theo năng lượng, không phải cộng mức dB | F16: Cả hai | G16: 4. Trộn nhiễu và mô phỏng khoang xe (sau TTS) | H16: 6. Chỉ để đánh giá | I16: Trộn sau khi có âm thanh sạch; ghi nguồn ồn và snr_actual_dB; dùng nhiều nguồn ồn và ồn đổi giữa câu. | J16: Trộn nhiễu giảm WER khoảng 5,1%, nhiễu cộng vang khoảng 6,6% (Ogun et al. 2025; Common Voice tiếng Anh, 50 giờ thật; cần kiểm chứng cho tiếng Việt). | K16: Cấu hình thực tế khó hơn từng nguồn riêng lẻ; model chỉ thử với một nguồn sẽ đánh giá quá lạc quan | L16: WER theo số nguồn ồn | M16: Cao | N16: Thu mẫu nhỏ làm mốc | O16: Không do câu quyết định
A17: 1. Nhiễu và âm thanh nền | B17: 1.4 Tính chất thay đổi theo thời gian | C17: A12 | D17: Ồn không dừng, đổi giữa câu | E17: Mở kính, vào hầm, đi qua cầu, còi bất chợt, tăng tốc khi đang đọc | F17: Cả hai | G17: 4. Trộn nhiễu và mô phỏng khoang xe (sau TTS) | I17: Trộn sau khi có âm thanh sạch; ghi nguồn ồn và snr_actual_dB; dùng nhiều nguồn ồn và ồn đổi giữa câu. | J17: Trộn nhiễu giảm WER khoảng 5,1%, nhiễu cộng vang khoảng 6,6% (Ogun et al. 2025; Common Voice tiếng Anh, 50 giờ thật; cần kiểm chứng cho tiếng Việt). | K17: SNR đổi giữa chừng: đầu câu rõ nhưng cuối câu bị che; ồn nền cố định che mất hiện tượng này | L17: WER theo đoạn đầu và đoạn cuối câu | M17: Cao | N17: Không thu được, phải tạo | O17: Không do câu quyết định
A18: 2. Khoang xe và thiết bị âm thanh | B18: 2.1 Hình học, vật liệu, vị trí nghe | C18: B01 | D18: Kích thước và vật liệu nội thất | E18: Sedan/SUV/MPV; da, vải, kính. Chỉ dẫn: Thời gian vang khác nhau theo xe | F18: Cả hai | G18: 4. Trộn nhiễu và mô phỏng khoang xe (sau TTS) | I18: Trộn sau khi có âm thanh sạch; ghi nguồn ồn và snr_actual_dB; dùng nhiều nguồn ồn và ồn đổi giữa câu. | J18: Trộn nhiễu giảm WER khoảng 5,1%, nhiễu cộng vang khoảng 6,6% (Ogun et al. 2025; Common Voice tiếng Anh, 50 giờ thật; cần kiểm chứng cho tiếng Việt). | K18: Vang làm nhòe âm tiết, đổi nhịp nghe | L18: WER; độ rõ (STOI) | M18: Trung bình | N18: Đo trực tiếp | O18: Không do câu quyết định
A19: 2. Khoang xe và thiết bị âm thanh | B19: 2.1 Hình học, vật liệu, vị trí nghe | C19: B03 | D19: Vị trí tai người nghe | E19: Ghế lái, ghế phụ, ghế sau. Chỉ dẫn: Mức và vang khác nhau theo ghế | F19: Đầu ra (TTS) | G19: Ngoài phạm vi ASR (phía loa hoặc hệ thống) | I19: Không đưa vào dữ liệu ASR; giữ cho đánh giá TTS sản phẩm (M5). | J19: Chưa có bằng chứng đã đọc. | K19: Người ngồi sau nghe kém hơn | L19: WER theo ghế | M19: Trung bình | N19: Đo trực tiếp | O19: Không do câu quyết định
A20: 2. Khoang xe và thiết bị âm thanh | B20: 2.1 Hình học, vật liệu, vị trí nghe | C20: B10 | D20: Điểm đo và hiệu chuẩn mức | E20: Mức ồn tại tai người nghe khác mức tại mic; cần ghi vị trí đo và hiệu chuẩn bằng máy đo SPL | F20: Cả hai | G20: 6. Chỉ để đánh giá | H20: 4. Trộn nhiễu và mô phỏng khoang xe (sau TTS) | I20: Đưa vào bộ đánh giá; không dùng làm điều khiển khi sinh. | J20: Chưa có bằng chứng đã đọc. | K20: Nếu mỗi nơi đo một điểm, các giá trị dB(A) và SNR không so sánh được với nhau; giá trị hiện trong file vẫn là chỉ dẫn chưa đo | L20: Sai số hiệu chuẩn (dB) | M20: Cao | N20: Đo trực tiếp | O20: Không do câu quyết định
A21: 2. Khoang xe và thiết bị âm thanh | B21: 2.2 Loa, mức phát, vùng phát, khử vọng | C21: B02 | D21: Vị trí và số lượng loa | E21: 4, 6, 8 loa trở lên; loa headrest. Chỉ dẫn: Phổ và hướng âm khác nhau | F21: Đầu ra (TTS) | G21: Ngoài phạm vi ASR (phía loa hoặc hệ thống) | I21: Không đưa vào dữ liệu ASR; giữ cho đánh giá TTS sản phẩm (M5). | J21: Chưa có bằng chứng đã đọc. | K21: Một số dải bị yếu hoặc nhấn quá mức | L21: Độ rõ; MOS | M21: Trung bình | N21: Đo trực tiếp | O21: Không do câu quyết định
A22: 2. Khoang xe và thiết bị âm thanh | B22: 2.2 Loa, mức phát, vùng phát, khử vọng | C22: B04 | D22: Mức phát và bù âm theo tốc độ | E22: Âm lượng mặc định; bù theo tốc độ. Chỉ dẫn: Phụ thuộc cấu hình hệ thống âm thanh xe | F22: Đầu ra (TTS) | G22: Ngoài phạm vi ASR (phía loa hoặc hệ thống) | I22: Không đưa vào dữ liệu ASR; giữ cho đánh giá TTS sản phẩm (M5). | J22: Chưa có bằng chứng đã đọc. | K22: TTS cần to hơn khi nền ồn tăng | L22: SNR tại tai; độ rõ | M22: Cao | N22: Đo trực tiếp | O22: Không do câu quyết định
A23: 2. Khoang xe và thiết bị âm thanh | B23: 2.2 Loa, mức phát, vùng phát, khử vọng | C23: B05 | D23: Tiếng vọng và ngắt lời (AEC, barge-in) | E23: Người dùng nói chen khi TTS đang phát. Chỉ dẫn: Tiếng TTS lọt vào mic | F23: Đầu vào (ASR) | G23: 5. Chuỗi xử lý đầu vào (sau trộn) | H23: Ngoài phạm vi ASR (phía loa hoặc hệ thống) | I23: Áp cùng chuỗi xử lý khi tạo dữ liệu và khi chạy thật. | J23: Chưa có bằng chứng đã đọc. | K23: Ảnh hưởng nhận dạng giọng nói và việc dừng TTS | L23: Tỷ lệ ngắt đúng; WER ASR | M23: Trung bình | N23: Thu mẫu nhỏ làm mốc | O23: Không do câu quyết định
A24: 2. Khoang xe và thiết bị âm thanh | B24: 2.2 Loa, mức phát, vùng phát, khử vọng | C24: B06 | D24: Vùng âm thanh (zone) | E24: Chỉ người lái; toàn khoang; riêng ghế sau. Chỉ dẫn: Thông báo gửi đúng vùng | F24: Đầu ra (TTS) | G24: Ngoài phạm vi ASR (phía loa hoặc hệ thống) | I24: Không đưa vào dữ liệu ASR; giữ cho đánh giá TTS sản phẩm (M5). | J24: Chưa có bằng chứng đã đọc. | K24: Lộ nội dung hoặc làm phiền người không liên quan | L24: Tỷ lệ phát đúng vùng | M24: Trung bình | N24: Đo trực tiếp | O24: Không do câu quyết định
A25: 2. Khoang xe và thiết bị âm thanh | B25: 2.2 Loa, mức phát, vùng phát, khử vọng | C25: B08 | D25: Méo và giới hạn công suất của loa | E25: Méo phi tuyến, bị cắt đỉnh (clipping) khi âm lượng cao; giới hạn của bộ khuếch đại | F25: Đầu ra (TTS) | G25: Ngoài phạm vi ASR (phía loa hoặc hệ thống) | I25: Không đưa vào dữ liệu ASR; giữ cho đánh giá TTS sản phẩm (M5). | J25: Chưa có bằng chứng đã đọc. | K25: TTS phát to hơn để thắng ồn nhưng bị méo, làm giảm độ rõ thay vì tăng | L25: THD+N; WER theo mức phát | M25: Trung bình | N25: Đo trực tiếp | O25: Không do câu quyết định
A26: 2. Khoang xe và thiết bị âm thanh | B26: 2.2 Loa, mức phát, vùng phát, khử vọng | C26: B09 | D26: EQ và chế độ âm thanh của xe | E26: Tăng bass, loudness, âm thanh vòm, các chế độ nhạc | F26: Đầu ra (TTS) | G26: Ngoài phạm vi ASR (phía loa hoặc hệ thống) | I26: Không đưa vào dữ liệu ASR; giữ cho đánh giá TTS sản phẩm (M5). | J26: Chưa có bằng chứng đã đọc. | K26: Đổi phổ giọng; nhấn bass che nguyên âm, giọng nam bị đục | L26: Độ rõ; MOS theo chế độ EQ | M26: Trung bình | N26: Đo trực tiếp | O26: Không do câu quyết định
A27: 2. Khoang xe và thiết bị âm thanh | B27: 2.3 Micro và thu đầu vào | C27: B07 | D27: Vị trí, số lượng và kiểu micro | E27: Micro trần, táp-lô; một mic hoặc mảng 2–4 mic; định hướng theo ghế (beamforming) | F27: Đầu vào (ASR) | G27: 4. Trộn nhiễu và mô phỏng khoang xe (sau TTS) | H27: 5. Chuỗi xử lý đầu vào (sau trộn) | I27: Trộn sau khi có âm thanh sạch; ghi nguồn ồn và snr_actual_dB; dùng nhiều nguồn ồn và ồn đổi giữa câu. | J27: Trộn nhiễu giảm WER khoảng 5,1%, nhiễu cộng vang khoảng 6,6% (Ogun et al. 2025; Common Voice tiếng Anh, 50 giờ thật; cần kiểm chứng cho tiếng Việt). | K27: Quyết định SNR của giọng người dùng và có nghe được hành khách ghế khác hay không | L27: WER theo ghế và theo cấu hình mic | M27: Cao | N27: Thu mẫu nhỏ làm mốc | O27: Không do câu quyết định
A28: 3. Chuỗi tín hiệu và hệ thống | B28: 3.1 Mã hóa, băng thông, đường truyền | C28: C01 | D28: Tần số lấy mẫu và băng thông | E28: 16 kHz; 22,05 kHz; 24 kHz; 44,1–48 kHz. Chỉ dẫn: Băng thông thấp mất thông tin ở dải cao | F28: Đầu ra (TTS) | G28: 5. Chuỗi xử lý đầu vào (sau trộn) | I28: Áp cùng chuỗi xử lý khi tạo dữ liệu và khi chạy thật. | J28: Chưa có bằng chứng đã đọc. | K28: Mất phụ âm xát, âm nghe nghẹt | L28: MOS; độ rõ | M28: Trung bình | N28: Không cần dữ liệu thu (tất định, văn bản hoặc đo hệ thống) | O28: Không do câu quyết định
A29: 3. Chuỗi tín hiệu và hệ thống | B29: 3.1 Mã hóa, băng thông, đường truyền | C29: C02 | D29: Bluetooth (HFP, A2DP) | E29: HFP băng hẹp (8 kHz) hoặc rộng (16 kHz); A2DP. Chỉ dẫn: Chất lượng giảm khi nén | F29: Cả hai | G29: 5. Chuỗi xử lý đầu vào (sau trộn) | I29: Áp cùng chuỗi xử lý khi tạo dữ liệu và khi chạy thật. | J29: Chưa có bằng chứng đã đọc. | K29: Mất chi tiết, tiếng rè, nghe kém | L29: WER qua Bluetooth | M29: Cao | N29: Không cần dữ liệu thu (tất định, văn bản hoặc đo hệ thống) | O29: Không do câu quyết định
A30: 3. Chuỗi tín hiệu và hệ thống | B30: 3.1 Mã hóa, băng thông, đường truyền | C30: C03 | D30: Chuẩn hóa độ lớn và nén động | E30: Mục tiêu độ lớn (LUFS); nén động (DRC). Chỉ dẫn: Cần ổn định giữa các câu và giữa các giọng | F30: Đầu ra (TTS) | G30: 5. Chuỗi xử lý đầu vào (sau trộn) | I30: Áp cùng chuỗi xử lý khi tạo dữ liệu và khi chạy thật. | J30: Chưa có bằng chứng đã đọc. | K30: Câu to nhỏ không đều gây khó chịu | L30: Độ lệch độ lớn giữa các câu | M30: Trung bình | N30: Không cần dữ liệu thu (tất định, văn bản hoặc đo hệ thống) | O30: Không do câu quyết định
A31: 3. Chuỗi tín hiệu và hệ thống | B31: 3.1 Mã hóa, băng thông, đường truyền | C31: C06 | D31: Chạy trên thiết bị và trên đám mây | E31: Mất mạng; lượng tử hóa; giới hạn bộ nhớ. Chỉ dẫn: Chất lượng có thể giảm khi nén mô hình | F31: Cả hai | G31: Ngoài phạm vi ASR (phía loa hoặc hệ thống) | I31: Không đưa vào dữ liệu ASR; giữ cho đánh giá TTS sản phẩm (M5). | J31: Chưa có bằng chứng đã đọc. | K31: Giảm chất lượng giọng; mất mạng giữa chừng | L31: MOS; WER; tỷ lệ phục vụ được ngoại tuyến | M31: Trung bình | N31: Không cần dữ liệu thu (tất định, văn bản hoặc đo hệ thống) | O31: Không do câu quyết định
A32: 3. Chuỗi tín hiệu và hệ thống | B32: 3.1 Mã hóa, băng thông, đường truyền | C32: C09 | D32: Codec cuộc gọi và kết nối điện thoại | E32: CarPlay, Android Auto, cuộc gọi VoIP; băng hẹp hoặc băng rộng | F32: Cả hai | G32: 5. Chuỗi xử lý đầu vào (sau trộn) | I32: Áp cùng chuỗi xử lý khi tạo dữ liệu và khi chạy thật. | J32: Chưa có bằng chứng đã đọc. | K32: Giọng bị nén theo codec của cuộc gọi, khác với Bluetooth phát nhạc | L32: WER qua codec; độ dễ nghe | M32: Trung bình | N32: Không cần dữ liệu thu (tất định, văn bản hoặc đo hệ thống) | O32: Không do câu quyết định
A33: 3. Chuỗi tín hiệu và hệ thống | B33: 3.2 Độ trễ và điều phối thông báo | C33: C04 | D33: Độ trễ và phát luồng | E33: Thời gian đến âm đầu (TTFA); kích thước đoạn. Chỉ dẫn: Cảnh báo cần trễ rất thấp | F33: Đầu ra (TTS) | G33: Ngoài phạm vi ASR (phía loa hoặc hệ thống) | I33: Không đưa vào dữ liệu ASR; giữ cho đánh giá TTS sản phẩm (M5). | J33: Chưa có bằng chứng đã đọc. | K33: Trễ làm mất giá trị của cảnh báo và dẫn đường | L33: TTFA (p50, p95) | M33: Cao | N33: Không cần dữ liệu thu (tất định, văn bản hoặc đo hệ thống) | O33: Không do câu quyết định
A34: 3. Chuỗi tín hiệu và hệ thống | B34: 3.2 Độ trễ và điều phối thông báo | C34: C05 | D34: Ưu tiên và ngắt thông báo | E34: Cảnh báo > dẫn đường > giải trí. Chỉ dẫn: Quy tắc xếp hàng và ngắt | F34: Đầu ra (TTS) | G34: Ngoài phạm vi ASR (phía loa hoặc hệ thống) | I34: Không đưa vào dữ liệu ASR; giữ cho đánh giá TTS sản phẩm (M5). | J34: Chưa có bằng chứng đã đọc. | K34: Thông báo quan trọng bị cắt hoặc chờ | L34: Tỷ lệ phát đúng thứ tự | M34: Cao | N34: Không cần dữ liệu thu (tất định, văn bản hoặc đo hệ thống) | O34: Không do câu quyết định
A35: 3. Chuỗi tín hiệu và hệ thống | B35: 3.3 Xử lý đầu vào và mạng | C35: C07 | D35: Khử ồn, AGC và khử vọng ở đầu vào | E35: Bộ lọc nhiễu, tự động chỉnh độ lợi, khử vọng chạy trước bộ nhận dạng | F35: Đầu vào (ASR) | G35: 5. Chuỗi xử lý đầu vào (sau trộn) | I35: Áp cùng chuỗi xử lý khi tạo dữ liệu và khi chạy thật. | J35: Chưa có bằng chứng đã đọc. | K35: Có thể làm méo giọng người nói hoặc cắt mất đầu câu; model ASR cần quen với âm thanh sau xử lý | L35: WER trước và sau xử lý | M35: Cao | N35: Thu mẫu nhỏ làm mốc | O35: Không do câu quyết định
A36: 3. Chuỗi tín hiệu và hệ thống | B36: 3.3 Xử lý đầu vào và mạng | C36: C08 | D36: Mạng không ổn định khi TTS chạy đám mây | E36: Trễ biến động (jitter), mất gói, chờ đệm, mất mạng giữa câu | F36: Đầu ra (TTS) | G36: Ngoài phạm vi ASR (phía loa hoặc hệ thống) | I36: Không đưa vào dữ liệu ASR; giữ cho đánh giá TTS sản phẩm (M5). | J36: Chưa có bằng chứng đã đọc. | K36: Giọng bị ngắt quãng hoặc trễ; cảnh báo đến muộn | L36: Tỷ lệ ngắt quãng; TTFA p95 | M36: Cao | N36: Không cần dữ liệu thu (tất định, văn bản hoặc đo hệ thống) | O36: Không do câu quyết định
A37: 4. Người nói | B37: 4.1 Sinh lý và tần số giọng | C37: S11 | D37: Giới tính | E37: Nam / Nữ | F37: Cả hai | G37: 2. Chọn giọng và đoạn tham chiếu | I37: Đặt hạn ngạch người nói ở Chi_tieu; chọn đoạn tham chiếu theo hồ sơ ở Ho_so_nguoi_noi. | J37: Thêm người nói chỉ giảm WER khoảng 2%; khoảng 50–100 người nói là đủ (Ogun et al.; Versatile TTS). | K37: Quyết định dải F0 và vị trí formant; chọn giọng TTS nên hợp ngữ cảnh người nghe | L37: Tỷ lệ mẫu theo giới | M37: Cao | N37: Thu mẫu nhỏ làm mốc | O37: Không do câu quyết định
A38: 4. Người nói | B38: 4.1 Sinh lý và tần số giọng | C38: S12 | D38: Nhóm tuổi | E38: Trẻ em; thiếu niên; thanh niên; trung niên; cao tuổi | F38: Đầu vào (ASR) | G38: 2. Chọn giọng và đoạn tham chiếu | I38: Trẻ em và người cao tuổi: cần nguồn giọng thật có đồng ý. Không tạo từ giọng người lớn bằng dịch cao độ (nhận định của mình, chưa kiểm chứng); nếu không có nguồn thì để ngoài phạm vi. | J38: Thêm người nói chỉ giảm WER khoảng 2%; khoảng 50–100 người nói là đủ (Ogun et al.; Versatile TTS). | K38: Trẻ em có F0 cao và phát âm chưa ổn định; người cao tuổi giọng run, tốc độ chậm, nhận dạng kém hơn | L38: Tỷ lệ mẫu theo nhóm tuổi; WER theo nhóm tuổi | M38: Trung bình | N38: Thu mẫu nhỏ làm mốc | O38: Không do câu quyết định
A39: 4. Người nói | B39: 4.1 Sinh lý và tần số giọng | C39: S13 | D39: Tần số giọng trung bình (F0) | E39: Dải Thấp / Trung bình / Cao / Rất cao (ngưỡng chỉ dẫn ở sheet Ho_so_nguoi_noi) | F39: Cả hai | G39: 2. Chọn giọng và đoạn tham chiếu | I39: Chọn người nói có F0 tự nhiên khác nhau; không dịch cao độ để tăng độ phủ F0. | J39: Dịch cao độ và đổi giọng để tăng đa dạng người nói không hiệu quả (Ogun et al.: WER tệ hơn 0,8% và 2,2%). | K39: F0 thấp dễ bị tiếng ồn dải thấp của lốp, động cơ che; F0 cao ít bị che nhưng nhạy với nhiễu quạt và gió ở dải trung–cao | L39: F0 trung bình đo được so với dải khai báo | M39: Cao | N39: Thu mẫu nhỏ làm mốc | O39: Không do câu quyết định
A40: 4. Người nói | B40: 4.1 Sinh lý và tần số giọng | C40: S14 | D40: Khoảng biến thiên F0 (cao độ trong câu) | E40: Khoảng F0 theo nửa cung hoặc Hz; độ lệch chuẩn F0 | F40: Cả hai | G40: 3. Điều khiển khi sinh TTS | H40: 2. Chọn giọng và đoạn tham chiếu | I40: Điều khiển khi sinh (tốc độ, phong cách, tham chiếu) rồi đo lại bằng căn chỉnh hoặc nghe kiểm. | J40: Thêm người nói chỉ giảm WER khoảng 2%; khoảng 50–100 người nói là đủ (Ogun et al.; Versatile TTS). | K40: Tiếng Việt có 6 thanh điệu nên đường nét F0 mang nghĩa; nhiễu che đường nét làm nghe nhầm thanh | L40: Khoảng F0 (nửa cung) so với giọng tham chiếu | M40: Trung bình | N40: Thu mẫu nhỏ làm mốc | O40: Không do câu quyết định
A41: 4. Người nói | B41: 4.1 Sinh lý và tần số giọng | C41: S15 | D41: Formant và độ dài đường thanh | E41: F1–F3 của nguyên âm; khác nhau theo giới và tuổi | F41: Đầu vào (ASR) | G41: 2. Chọn giọng và đoạn tham chiếu | I41: Đặt hạn ngạch người nói ở Chi_tieu; chọn đoạn tham chiếu theo hồ sơ ở Ho_so_nguoi_noi. | J41: Thêm người nói chỉ giảm WER khoảng 2%; khoảng 50–100 người nói là đủ (Ogun et al.; Versatile TTS). | K41: Ảnh hưởng độ rõ nguyên âm; formant dịch khi nói trong ồn | L41: Formant F1–F3 theo nhóm | M41: Thấp | N41: Thu mẫu nhỏ làm mốc | O41: Không do câu quyết định
A42: 4. Người nói | B42: 4.1 Sinh lý và tần số giọng | C42: S16 | D42: Chất giọng | E42: Bình thường; khàn; thều thào/hơi gió; căng/the thé; nghẹt mũi | F42: Đầu vào (ASR) | G42: 2. Chọn giọng và đoạn tham chiếu | I42: Đặt hạn ngạch người nói ở Chi_tieu; chọn đoạn tham chiếu theo hồ sơ ở Ho_so_nguoi_noi. | J42: Thêm người nói chỉ giảm WER khoảng 2%; khoảng 50–100 người nói là đủ (Ogun et al.; Versatile TTS). | K42: Giọng khàn hoặc nghẹt mũi làm sai lệch đặc trưng phổ, ASR dễ lỗi | L42: WER theo chất giọng | M42: Trung bình | N42: Không thu được, phải tạo | O42: Không do câu quyết định
A43: 4. Người nói | B43: 4.2 Trạng thái người nói | C43: S21 | D43: Cảm xúc | E43: Bình thường; vui; tức giận; lo lắng/sợ hãi | F43: Đầu vào (ASR) | G43: 3. Điều khiển khi sinh TTS | H43: 2. Chọn giọng và đoạn tham chiếu | I43: Điều khiển khi sinh (tốc độ, phong cách, tham chiếu) rồi đo lại bằng căn chỉnh hoặc nghe kiểm. | J43: Chưa có bằng chứng đã đọc. | K43: Làm đổi F0, tốc độ, âm lượng; ASR cần chịu được biến thiên này | L43: WER theo nhãn cảm xúc | M43: Trung bình | N43: Không thu được, phải tạo | O43: Không do câu quyết định
A44: 4. Người nói | B44: 4.2 Trạng thái người nói | C44: S22 | D44: Mệt mỏi, buồn ngủ | E44: Nói chậm, nhỏ, đều đều | F44: Đầu vào (ASR) | G44: 3. Điều khiển khi sinh TTS | I44: Điều khiển khi sinh (tốc độ, phong cách, tham chiếu) rồi đo lại bằng căn chỉnh hoặc nghe kiểm. | J44: Chưa có bằng chứng đã đọc. | K44: Giảm âm lượng và độ rõ; liên quan trực tiếp đến cảnh báo mệt mỏi của xe | L44: WER theo nhãn mệt mỏi | M44: Trung bình | N44: Không thu được, phải tạo | O44: Không do câu quyết định
A45: 4. Người nói | B45: 4.2 Trạng thái người nói | C45: S23 | D45: Căng thẳng, vội, tải nhận thức cao | E45: Nói nhanh, ngập ngừng, câu cụt | F45: Đầu vào (ASR) | G45: 1. Thiết kế câu (văn bản) | H45: 3. Điều khiển khi sinh TTS | I45: Phủ bằng mẫu câu × khe (sheet Mau_khung) và câu mẫu (Mau_cau); kiểm bằng cột factors_covered và ma trận Ma_tran. | J45: Chưa có bằng chứng đã đọc. | K45: Câu thiếu chủ ngữ, lặp từ, bỏ đoạn; khó khớp lệnh mẫu | L45: WER theo tải nhận thức; tỷ lệ câu cụt | M45: Trung bình | N45: Không thu được, phải tạo | O45: =COUNTIF(Mau_cau!$N$4:$N$300,"*"&C45&"*") -> 6
A46: 4. Người nói | B46: 4.2 Trạng thái người nói | C46: S24 | D46: Hiệu ứng Lombard | E46: Người nói tăng âm lượng, F0 và kéo dài nguyên âm khi nền ồn tăng | F46: Đầu vào (ASR) | G46: 3. Điều khiển khi sinh TTS | H46: 4. Trộn nhiễu và mô phỏng khoang xe (sau TTS) | I46: Chưa có cách đã kiểm chứng. Nếu mô phỏng thì gắn nhãn lombard_applied = Mô phỏng; ưu tiên thu thật một tập nhỏ nếu làm được. | J46: Có paper TTS mô phỏng hiệu ứng Lombard nhưng mới đọc phần tóm tắt, chưa có số liệu ASR (Akti và Waibel 2026). | K46: Đây là phản xạ tự nhiên trong ồn; dữ liệu thu ở nơi yên tĩnh không có đặc điểm này | L46: So sánh mức, F0, phổ giữa mẫu có và không có Lombard; WER | M46: Cao | N46: Thu mẫu nhỏ làm mốc | O46: Không do câu quyết định
A47: 4. Người nói | B47: 4.2 Trạng thái người nói | C47: S25 | D47: Sức khỏe giọng tạm thời | E47: Cảm, ho, khản tiếng | F47: Đầu vào (ASR) | G47: 2. Chọn giọng và đoạn tham chiếu | I47: Đặt hạn ngạch người nói ở Chi_tieu; chọn đoạn tham chiếu theo hồ sơ ở Ho_so_nguoi_noi. | J47: Thêm người nói chỉ giảm WER khoảng 2%; khoảng 50–100 người nói là đủ (Ogun et al.; Versatile TTS). | K47: Thay đổi chất giọng trong thời gian ngắn | L47: WER theo nhãn sức khỏe giọng | M47: Thấp | N47: Không thu được, phải tạo | O47: Không do câu quyết định
A48: 4. Người nói | B48: 4.3 Cách nói | C48: S31 | D48: Tốc độ nói | E48: Chậm / Vừa / Nhanh; số âm tiết mỗi giây | F48: Cả hai | G48: 3. Điều khiển khi sinh TTS | I48: Điều khiển tốc độ bằng tham số của mô hình TTS; đo lại âm tiết mỗi giây. | J48: Chưa có bằng chứng đã đọc. | K48: Nói nhanh làm nuốt âm cuối và lẫn thanh; TTS nói nhanh dễ bị ồn che | L48: Âm tiết mỗi giây đo từ căn chỉnh; WER theo tốc độ | M48: Cao | N48: Không cần dữ liệu thu (tất định, văn bản hoặc đo hệ thống) | O48: Không do câu quyết định
A49: 4. Người nói | B49: 4.3 Cách nói | C49: S32 | D49: Âm lượng giọng | E49: Nhỏ / vừa / to; mức dB tại mic | F49: Cả hai | G49: 4. Trộn nhiễu và mô phỏng khoang xe (sau TTS) | I49: Trộn sau khi có âm thanh sạch; ghi nguồn ồn và snr_actual_dB; dùng nhiều nguồn ồn và ồn đổi giữa câu. | J49: Chưa có bằng chứng đã đọc. | K49: Quyết định SNR của giọng người dùng; với TTS là mức phát | L49: SNR thực tế; độ lớn (LUFS) | M49: Cao | N49: Không cần dữ liệu thu (tất định, văn bản hoặc đo hệ thống) | O49: Không do câu quyết định
A50: 4. Người nói | B50: 4.3 Cách nói | C50: S33 | D50: Cao độ và ngữ điệu | E50: Đi lên, đi xuống, phẳng; ngữ điệu hỏi hoặc ra lệnh | F50: Cả hai | G50: 3. Điều khiển khi sinh TTS | H50: 1. Thiết kế câu (văn bản) | I50: Điều khiển khi sinh (tốc độ, phong cách, tham chiếu) rồi đo lại bằng căn chỉnh hoặc nghe kiểm. | J50: Chưa có bằng chứng đã đọc. | K50: Ngữ điệu hỏi dễ bị nhầm với thanh hỏi/sắc ở cuối câu | L50: Đường nét F0; tỷ lệ nghe đúng thanh điệu | M50: Trung bình | N50: Thu mẫu nhỏ làm mốc | O50: =COUNTIF(Mau_cau!$N$4:$N$300,"*"&C50&"*") -> 7
A51: 4. Người nói | B51: 4.3 Cách nói | C51: S34 | D51: Ngắt nghỉ và nhịp | E51: Số lần dừng; độ dài khoảng dừng | F51: Cả hai | G51: 3. Điều khiển khi sinh TTS | H51: 1. Thiết kế câu (văn bản) | I51: Điều khiển khi sinh (tốc độ, phong cách, tham chiếu) rồi đo lại bằng căn chỉnh hoặc nghe kiểm. | J51: Chưa có bằng chứng đã đọc. | K51: Ngắt sai chỗ làm lệch nghĩa; trong xe cần ngắt rõ để người nghe kịp xử lý | L51: Số lần dừng và độ dài khoảng dừng; đánh giá người nghe | M51: Trung bình | N51: Không cần dữ liệu thu (tất định, văn bản hoặc đo hệ thống) | O51: =COUNTIF(Mau_cau!$N$4:$N$300,"*"&C51&"*") -> 2
A52: 4. Người nói | B52: 4.3 Cách nói | C52: S35 | D52: Khoảng cách và hướng nói tới micro | E52: Ngồi ghế lái, ghế phụ, ghế sau; quay đầu | F52: Đầu vào (ASR) | G52: 4. Trộn nhiễu và mô phỏng khoang xe (sau TTS) | I52: Trộn sau khi có âm thanh sạch; ghi nguồn ồn và snr_actual_dB; dùng nhiều nguồn ồn và ồn đổi giữa câu. | J52: Chưa có bằng chứng đã đọc. | K52: Mức giọng và vang thay đổi theo tư thế | L52: Tỷ lệ trực tiếp/vang (DRR); WER theo khoảng cách | M52: Trung bình | N52: Không cần dữ liệu thu (tất định, văn bản hoặc đo hệ thống) | O52: Không do câu quyết định
A53: 4. Người nói | B53: 4.4 Giọng vùng miền và cách phát âm | C53: S41 | D53: Vùng giọng | E53: Bắc Bộ; Bắc Trung Bộ; Nam Trung Bộ; Tây Nguyên; Nam Bộ; giọng pha | F53: Cả hai | G53: 2. Chọn giọng và đoạn tham chiếu | H53: Tinh chỉnh TTS (tùy chọn) | I53: Đoạn tham chiếu cùng vùng với nhãn câu; tách Bắc Trung Bộ và Nam Trung Bộ; kiểm bằng bộ phân loại và người bản ngữ; nếu giọng bị kéo về giọng chuẩn thì tinh chỉnh theo vùng. | J53: Zero-shot giữ giọng người nói nhưng kéo giọng vùng về giọng chuẩn; tinh chỉnh cải thiện độ giống giọng vùng (Singlish, tiếng Anh; chưa có cho tiếng Việt). | K53: Giọng lạ làm giảm độ dễ hiểu và độ chính xác nhận dạng; TTS nên có giọng phù hợp vùng người dùng | L53: Tỷ lệ mẫu theo vùng; độ đúng vùng theo bộ phân loại phương ngữ; MOS của người nghe bản ngữ | M53: Cao | N53: Thu mẫu nhỏ làm mốc | O53: Không do câu quyết định
A54: 4. Người nói | B54: 4.4 Giọng vùng miền và cách phát âm | C54: S42 | D54: Mức đậm của giọng địa phương | E54: Nhẹ / Vừa / Đậm | F54: Đầu vào (ASR) | G54: 2. Chọn giọng và đoạn tham chiếu | I54: Đặt hạn ngạch người nói ở Chi_tieu; chọn đoạn tham chiếu theo hồ sơ ở Ho_so_nguoi_noi. | J54: Zero-shot giữ giọng người nói nhưng kéo giọng vùng về giọng chuẩn; tinh chỉnh cải thiện độ giống giọng vùng (Singlish, tiếng Anh; chưa có cho tiếng Việt). | K54: Giọng càng đậm càng khác chuẩn, ASR càng khó | L54: Phân bố mức đậm; WER theo mức đậm | M54: Trung bình | N54: Thu mẫu nhỏ làm mốc | O54: Không do câu quyết định
A55: 4. Người nói | B55: 4.4 Giọng vùng miền và cách phát âm | C55: S43 | D55: Thực hiện thanh điệu theo vùng | E55: Đường nét và số thanh khác nhau giữa các vùng; thanh hỏi/ngã và nặng là điểm hay lẫn | F55: Cả hai | G55: 2. Chọn giọng và đoạn tham chiếu | H55: 6. Chỉ để đánh giá | I55: Dùng cặp câu tối thiểu hỏi/ngã trong tập chẩn đoán M4 và nghe kiểm theo vùng. | J55: Zero-shot giữ giọng người nói nhưng kéo giọng vùng về giọng chuẩn; tinh chỉnh cải thiện độ giống giọng vùng (Singlish, tiếng Anh; chưa có cho tiếng Việt). | K55: Nhiễu che đường nét F0 làm các thanh vốn gần nhau càng dễ nhầm | L55: Tỷ lệ nghe đúng thanh điệu theo vùng | M55: Cao | N55: Thu mẫu nhỏ làm mốc | O55: Không do câu quyết định
A56: 4. Người nói | B56: 4.4 Giọng vùng miền và cách phát âm | C56: S44 | D56: Phụ âm đầu, vần cuối theo vùng | E56: Một số vùng lẫn tr/ch, s/x, r/d/gi, n/l hoặc đọc vần cuối khác chuẩn | F56: Đầu vào (ASR) | G56: 2. Chọn giọng và đoạn tham chiếu | H56: 6. Chỉ để đánh giá | I56: Dùng tên đường, địa danh có tr/ch, s/x, r/d/gi trong M4; người bản ngữ rà. | J56: Zero-shot giữ giọng người nói nhưng kéo giọng vùng về giọng chuẩn; tinh chỉnh cải thiện độ giống giọng vùng (Singlish, tiếng Anh; chưa có cho tiếng Việt). | K56: Làm lệch chính tả khi nhận dạng, nhất là tên đường và địa danh | L56: WER trên tên đường và địa danh theo vùng | M56: Trung bình | N56: Thu mẫu nhỏ làm mốc | O56: Không do câu quyết định
A57: 4. Người nói | B57: 4.4 Giọng vùng miền và cách phát âm | C57: S45 | D57: Nhịp và ngữ điệu theo vùng | E57: Nhịp nói và cách lên xuống giọng khác nhau | F57: Cả hai | G57: 2. Chọn giọng và đoạn tham chiếu | I57: Đặt hạn ngạch người nói ở Chi_tieu; chọn đoạn tham chiếu theo hồ sơ ở Ho_so_nguoi_noi. | J57: Zero-shot giữ giọng người nói nhưng kéo giọng vùng về giọng chuẩn; tinh chỉnh cải thiện độ giống giọng vùng (Singlish, tiếng Anh; chưa có cho tiếng Việt). | K57: Ảnh hưởng độ tự nhiên cảm nhận của TTS | L57: MOS theo nhóm người nghe từng vùng | M57: Trung bình | N57: Thu mẫu nhỏ làm mốc | O57: Không do câu quyết định
A58: 4. Người nói | B58: 4.5 Từ ngữ địa phương và thói quen dùng từ | C58: S51 | D58: Từ vựng theo vùng | E58: Ví dụ rẽ/quẹo, phanh/thắng, kính/kiếng, ngõ/hẻm (xem sheet Tu_dia_phuong) | F58: Cả hai | G58: 1. Thiết kế câu (văn bản) | I58: Mỗi ý định có biến thể Bắc, Trung, Nam trong Mau_khung; từ vựng lấy từ Tu_dia_phuong và do người bản ngữ duyệt. | J58: Đa dạng câu quan trọng hơn đa dạng người nói; dưới khoảng 10.000 câu thì CER tăng rõ (Versatile TTS, Mân Nam; chưa kiểm chứng cho tiếng Việt). | K58: Người dùng nói từ địa phương mà hệ thống chỉ biết từ chuẩn sẽ không hiểu lệnh; TTS đọc từ khác vùng nghe lạ | L58: Tỷ lệ câu có từ địa phương; tỷ lệ hiểu lệnh trên câu địa phương | M58: Cao | N58: Không cần dữ liệu thu (tất định, văn bản hoặc đo hệ thống) | O58: =COUNTIF(Mau_cau!$N$4:$N$300,"*"&C58&"*") -> 19
A59: 4. Người nói | B59: 4.5 Từ ngữ địa phương và thói quen dùng từ | C59: S52 | D59: Xưng hô và từ đệm theo vùng | E59: Dạ/vâng; nha/nghen/nhé; má/mẹ/mạ | F59: Cả hai | G59: 1. Thiết kế câu (văn bản) | I59: Phủ bằng mẫu câu × khe (sheet Mau_khung) và câu mẫu (Mau_cau); kiểm bằng cột factors_covered và ma trận Ma_tran. | J59: Đa dạng câu quan trọng hơn đa dạng người nói; dưới khoảng 10.000 câu thì CER tăng rõ (Versatile TTS, Mân Nam; chưa kiểm chứng cho tiếng Việt). | K59: Từ đệm làm đổi nhịp và ngữ điệu câu; xưng hô không hợp vùng giảm cảm giác tự nhiên | L59: Tỷ lệ câu có xưng hô và từ đệm theo vùng | M59: Trung bình | N59: Không cần dữ liệu thu (tất định, văn bản hoặc đo hệ thống) | O59: =COUNTIF(Mau_cau!$N$4:$N$300,"*"&C59&"*") -> 5
A60: 4. Người nói | B60: 4.5 Từ ngữ địa phương và thói quen dùng từ | C60: S53 | D60: Cách đọc số và tiền theo vùng | E60: Lẻ/linh (105); nghìn/ngàn; cách đọc 'rưỡi' | F60: Cả hai | G60: 1. Thiết kế câu (văn bản) | I60: Chuẩn hóa số theo vùng (lẻ/linh, nghìn/ngàn); có cặp câu M4 cho từng cách đọc. | J60: Đa dạng câu quan trọng hơn đa dạng người nói; dưới khoảng 10.000 câu thì CER tăng rõ (Versatile TTS, Mân Nam; chưa kiểm chứng cho tiếng Việt). | K60: Bộ chuẩn hóa chọn một cách đọc cố định sẽ đọc lệch thói quen một vùng | L60: Tỷ lệ đọc đúng số theo thói quen từng vùng | M60: Trung bình | N60: Không cần dữ liệu thu (tất định, văn bản hoặc đo hệ thống) | O60: =COUNTIF(Mau_cau!$N$4:$N$300,"*"&C60&"*") -> 6
A61: 4. Người nói | B61: 4.5 Từ ngữ địa phương và thói quen dùng từ | C61: S54 | D61: Cách gọi tên đường, địa danh theo thói quen | E61: Tên cũ/tên mới; tên gọi quen thuộc của người địa phương | F61: Cả hai | G61: 1. Thiết kế câu (văn bản) | I61: Phủ bằng mẫu câu × khe (sheet Mau_khung) và câu mẫu (Mau_cau); kiểm bằng cột factors_covered và ma trận Ma_tran. | J61: Đa dạng câu quan trọng hơn đa dạng người nói; dưới khoảng 10.000 câu thì CER tăng rõ (Versatile TTS, Mân Nam; chưa kiểm chứng cho tiếng Việt). | K61: Người dùng nói tên quen thuộc mà bản đồ ghi tên chính thức | L61: Tỷ lệ nhận đúng tên riêng dạng gọi quen | M61: Cao | N61: Không cần dữ liệu thu (tất định, văn bản hoặc đo hệ thống) | O61: =COUNTIF(Mau_cau!$N$4:$N$300,"*"&C61&"*") -> 2
A62: 4. Người nói | B62: 4.5 Từ ngữ địa phương và thói quen dùng từ | C62: S55 | D62: Chuyển mã Anh–Việt và nói tắt | E62: Bật 'air-con', 'ok', 'check engine'; nói trống không | F62: Đầu vào (ASR) | G62: 1. Thiết kế câu (văn bản) | I62: Phủ bằng mẫu câu × khe (sheet Mau_khung) và câu mẫu (Mau_cau); kiểm bằng cột factors_covered và ma trận Ma_tran. | J62: Đa dạng câu quan trọng hơn đa dạng người nói; dưới khoảng 10.000 câu thì CER tăng rõ (Versatile TTS, Mân Nam; chưa kiểm chứng cho tiếng Việt). | K62: Lệnh pha tiếng Anh và câu cụt làm khớp ý định kém | L62: Tỷ lệ hiểu lệnh pha Anh–Việt | M62: Trung bình | N62: Không cần dữ liệu thu (tất định, văn bản hoặc đo hệ thống) | O62: =COUNTIF(Mau_cau!$N$4:$N$300,"*"&C62&"*") -> 3
A63: 5. Người nghe và ngữ cảnh lái | B63: 5.1 Người nghe | C63: D01 | D63: Tải nhận thức của người lái | E63: Thấp (đỗ xe) đến cao (cao tốc, kẹt xe, mưa). Chỉ dẫn: Tải càng cao càng cần câu ngắn | F63: Đầu ra (TTS) | G63: 1. Thiết kế câu (văn bản) | H63: 3. Điều khiển khi sinh TTS | I63: Phủ bằng mẫu câu × khe (sheet Mau_khung) và câu mẫu (Mau_cau); kiểm bằng cột factors_covered và ma trận Ma_tran. | J63: Chưa có bằng chứng đã đọc. | K63: Câu dài hoặc nhiều thông tin gây phân tâm | L63: Độ dài câu; đánh giá của người nghe | M63: Cao | N63: Không cần dữ liệu thu (tất định, văn bản hoặc đo hệ thống) | O63: =COUNTIF(Mau_cau!$N$4:$N$300,"*"&C63&"*") -> 1
A64: 5. Người nghe và ngữ cảnh lái | B64: 5.1 Người nghe | C64: D02 | D64: Tuổi và thính lực | E64: Người lớn tuổi có thể giảm nghe ở dải cao. Chỉ dẫn: Cần tốc độ chậm hơn và độ rõ cao hơn | F64: Đầu ra (TTS) | G64: Ngoài phạm vi ASR (phía loa hoặc hệ thống) | I64: Không đưa vào dữ liệu ASR; giữ cho đánh giá TTS sản phẩm (M5). | J64: Chưa có bằng chứng đã đọc. | K64: Phụ âm dải cao khó nghe | L64: Độ rõ theo nhóm tuổi | M64: Trung bình | N64: Không cần dữ liệu thu (tất định, văn bản hoặc đo hệ thống) | O64: Không do câu quyết định
A65: 5. Người nghe và ngữ cảnh lái | B65: 5.2 Ngữ cảnh sử dụng | C65: D03 | D65: Mức khẩn cấp | E65: Thông tin → Thấp → Trung bình → Cao → Khẩn cấp. Chỉ dẫn: Ngữ điệu, tốc độ, âm báo thay đổi theo mức | F65: Đầu ra (TTS) | G65: 1. Thiết kế câu (văn bản) | H65: 3. Điều khiển khi sinh TTS | I65: Phủ bằng mẫu câu × khe (sheet Mau_khung) và câu mẫu (Mau_cau); kiểm bằng cột factors_covered và ma trận Ma_tran. | J65: Chưa có bằng chứng đã đọc. | K65: Giọng không đúng mức khẩn cấp gây phản ứng sai | L65: Nhận biết mức khẩn cấp bởi người nghe | M65: Cao | N65: Không cần dữ liệu thu (tất định, văn bản hoặc đo hệ thống) | O65: =COUNTIF(Mau_cau!$N$4:$N$300,"*"&C65&"*") -> 5
A66: 5. Người nghe và ngữ cảnh lái | B66: 5.2 Ngữ cảnh sử dụng | C66: D04 | D66: Thời điểm trong ngày | E66: Ban ngày/ban đêm. Chỉ dẫn: Ban đêm cần giọng dịu và mức nhỏ hơn | F66: Đầu ra (TTS) | G66: Ngoài phạm vi ASR (phía loa hoặc hệ thống) | I66: Không đưa vào dữ liệu ASR; giữ cho đánh giá TTS sản phẩm (M5). | J66: Chưa có bằng chứng đã đọc. | K66: Giọng gắt hoặc quá to gây khó chịu | L66: Đánh giá thoải mái của người nghe | M66: Thấp | N66: Không cần dữ liệu thu (tất định, văn bản hoặc đo hệ thống) | O66: Không do câu quyết định
A67: 5. Người nghe và ngữ cảnh lái | B67: 5.2 Ngữ cảnh sử dụng | C67: D05 | D67: Quyền riêng tư và số người trên xe | E67: Chỉ người lái; có hành khách. Chỉ dẫn: Nội dung nhạy cảm không nên phát ra loa chung | F67: Đầu ra (TTS) | G67: Ngoài phạm vi ASR (phía loa hoặc hệ thống) | I67: Không đưa vào dữ liệu ASR; giữ cho đánh giá TTS sản phẩm (M5). | J67: Chưa có bằng chứng đã đọc. | K67: Lộ tin nhắn, cuộc gọi cá nhân | L67: Tỷ lệ đúng chính sách riêng tư | M67: Trung bình | N67: Không cần dữ liệu thu (tất định, văn bản hoặc đo hệ thống) | O67: Không do câu quyết định
A68: 6. Ngôn ngữ và nội dung câu | B68: 6.1 Chuẩn hóa văn bản | C68: E03 | D68: Chuẩn hóa số, giờ, ngày, tiền, đơn vị | E68: Số, số thập phân, giờ, ngày tháng năm, VND, đơn vị đo. Chỉ dẫn: Đọc theo thói quen nói của người Việt | F68: Đầu ra (TTS) | G68: 1. Thiết kế câu (văn bản) | I68: Phủ bằng mẫu câu × khe (sheet Mau_khung) và câu mẫu (Mau_cau); kiểm bằng cột factors_covered và ma trận Ma_tran. | J68: Đa dạng câu quan trọng hơn đa dạng người nói; dưới khoảng 10.000 câu thì CER tăng rõ (Versatile TTS, Mân Nam; chưa kiểm chứng cho tiếng Việt). | K68: Đọc sai hoặc đọc từng chữ số làm nhầm thông tin | L68: Tỷ lệ câu chuẩn hóa đúng | M68: Cao | N68: Không cần dữ liệu thu (tất định, văn bản hoặc đo hệ thống) | O68: =COUNTIF(Mau_cau!$N$4:$N$300,"*"&C68&"*") -> 21
A69: 6. Ngôn ngữ và nội dung câu | B69: 6.1 Chuẩn hóa văn bản | C69: E04 | D69: Tên đường, địa danh, địa chỉ | E69: Ngõ, ngách, hẻm; tên đơn vị hành chính có thể thay đổi. Chỉ dẫn: Cần từ điển được cập nhật | F69: Đầu ra (TTS) | G69: 1. Thiết kế câu (văn bản) | I69: Phủ bằng mẫu câu × khe (sheet Mau_khung) và câu mẫu (Mau_cau); kiểm bằng cột factors_covered và ma trận Ma_tran. | J69: Đa dạng câu quan trọng hơn đa dạng người nói; dưới khoảng 10.000 câu thì CER tăng rõ (Versatile TTS, Mân Nam; chưa kiểm chứng cho tiếng Việt). | K69: Đọc sai tên làm lạc đường | L69: Tỷ lệ đọc đúng tên riêng | M69: Cao | N69: Không cần dữ liệu thu (tất định, văn bản hoặc đo hệ thống) | O69: =COUNTIF(Mau_cau!$N$4:$N$300,"*"&C69&"*") -> 6
A70: 6. Ngôn ngữ và nội dung câu | B70: 6.1 Chuẩn hóa văn bản | C70: E07 | D70: Viết tắt và ký hiệu | E70: QL, TP.HCM, km/h, °C, %, kW. Chỉ dẫn: Cần bảng ánh xạ | F70: Đầu ra (TTS) | G70: 1. Thiết kế câu (văn bản) | I70: Phủ bằng mẫu câu × khe (sheet Mau_khung) và câu mẫu (Mau_cau); kiểm bằng cột factors_covered và ma trận Ma_tran. | J70: Đa dạng câu quan trọng hơn đa dạng người nói; dưới khoảng 10.000 câu thì CER tăng rõ (Versatile TTS, Mân Nam; chưa kiểm chứng cho tiếng Việt). | K70: Đọc từng chữ hoặc bỏ sót | L70: Tỷ lệ viết tắt đọc đúng | M70: Cao | N70: Không cần dữ liệu thu (tất định, văn bản hoặc đo hệ thống) | O70: =COUNTIF(Mau_cau!$N$4:$N$300,"*"&C70&"*") -> 4
A71: 6. Ngôn ngữ và nội dung câu | B71: 6.2 Cách diễn đạt | C71: E05 | D71: Từ mượn và chuyển mã Anh–Việt | E71: Tên bài hát, thương hiệu, thuật ngữ xe. Chỉ dẫn: Cần quy tắc thống nhất | F71: Đầu ra (TTS) | G71: 1. Thiết kế câu (văn bản) | I71: Phủ bằng mẫu câu × khe (sheet Mau_khung) và câu mẫu (Mau_cau); kiểm bằng cột factors_covered và ma trận Ma_tran. | J71: Đa dạng câu quan trọng hơn đa dạng người nói; dưới khoảng 10.000 câu thì CER tăng rõ (Versatile TTS, Mân Nam; chưa kiểm chứng cho tiếng Việt). | K71: Phát âm lúc Anh lúc Việt gây khó hiểu | L71: Tỷ lệ đọc đúng từ mượn | M71: Trung bình | N71: Không cần dữ liệu thu (tất định, văn bản hoặc đo hệ thống) | O71: =COUNTIF(Mau_cau!$N$4:$N$300,"*"&C71&"*") -> 3
A72: 6. Ngôn ngữ và nội dung câu | B72: 6.2 Cách diễn đạt | C72: E06 | D72: Xưng hô và từ đệm | E72: Anh, chị, bạn, quý khách; từ lịch sự. Chỉ dẫn: Cần nhất quán toàn hệ thống | F72: Đầu ra (TTS) | G72: 1. Thiết kế câu (văn bản) | I72: Phủ bằng mẫu câu × khe (sheet Mau_khung) và câu mẫu (Mau_cau); kiểm bằng cột factors_covered và ma trận Ma_tran. | J72: Đa dạng câu quan trọng hơn đa dạng người nói; dưới khoảng 10.000 câu thì CER tăng rõ (Versatile TTS, Mân Nam; chưa kiểm chứng cho tiếng Việt). | K72: Xưng hô không hợp làm giảm cảm giác tự nhiên | L72: Đánh giá của người dùng | M72: Thấp | N72: Không cần dữ liệu thu (tất định, văn bản hoặc đo hệ thống) | O72: =COUNTIF(Mau_cau!$N$4:$N$300,"*"&C72&"*") -> 5
A73: 6. Ngôn ngữ và nội dung câu | B73: 6.2 Cách diễn đạt | C73: E08 | D73: Độ dài câu và ngắt nghỉ | E73: Cảnh báo ngắn; hội thoại dài hơn. Chỉ dẫn: Đề xuất: cảnh báo khẩn cấp dưới khoảng 8–10 âm tiết (cần kiểm chứng) | F73: Đầu ra (TTS) | G73: 1. Thiết kế câu (văn bản) | I73: Mỗi case có cả câu rất ngắn (1–3 âm tiết) và câu thường; theo dõi cột do_dai ở Mau_cau. | J73: Đa dạng câu quan trọng hơn đa dạng người nói; dưới khoảng 10.000 câu thì CER tăng rõ (Versatile TTS, Mân Nam; chưa kiểm chứng cho tiếng Việt). | K73: Câu dài làm chậm phản ứng | L73: Thời gian phản ứng; độ rõ | M73: Cao | N73: Không cần dữ liệu thu (tất định, văn bản hoặc đo hệ thống) | O73: =COUNTIF(Mau_cau!$N$4:$N$300,"*"&C73&"*") -> 29
A74: 6. Ngôn ngữ và nội dung câu | B74: 6.3 Thanh điệu và độ rõ | C74: E02 | D74: Thanh điệu dưới nhiễu | E74: Hỏi và ngã; sắc và nặng; huyền và ngang. Chỉ dẫn: Thanh điệu dễ nhầm khi ồn | F74: Cả hai | G74: 1. Thiết kế câu (văn bản) | H74: 6. Chỉ để đánh giá | I74: Cặp câu tối thiểu thanh hỏi/ngã, sắc/nặng trong M4; đo ở bộ đánh giá có nhiễu. | J74: Chưa có bằng chứng đã đọc. | K74: Nghe nhầm từ khi nhiễu che đường nét cao độ | L74: Tỷ lệ nghe đúng thanh điệu | M74: Cao | N74: Không cần dữ liệu thu (tất định, văn bản hoặc đo hệ thống) | O74: =COUNTIF(Mau_cau!$N$4:$N$300,"*"&C74&"*") -> 8

Sheet Buoc_xu_ly
A1: Số yếu tố theo bước xử lý
A2: Đếm từ sheet Yeu_to. Bước 1 là phần bộ mẫu câu phải đáp ứng trực tiếp.
A3: Bước xử lý | B3: Làm gì | C3: Số yếu tố (bước chính) | D3: Số yếu tố (bước phụ)
A4: 1. Thiết kế câu (văn bản) | B4: Quyết định bằng chính câu: mẫu câu, khe thông tin, từ vựng vùng, số, tên riêng, độ dài. Đây là phần bộ mẫu câu phải đáp ứng trực tiếp. | C4: =COUNTIF(Yeu_to!$G$4:$G$74,A4) -> 15 | D4: =COUNTIF(Yeu_to!$H$4:$H$74,A4) -> 2
A5: 2. Chọn giọng và đoạn tham chiếu | B5: Quyết định bằng người nói được clone: vùng, giới, F0, chất giọng. Xử lý bằng hạn ngạch người nói và chọn đoạn tham chiếu, không bằng câu. | C5: =COUNTIF(Yeu_to!$G$4:$G$74,A5) -> 11 | D5: =COUNTIF(Yeu_to!$H$4:$H$74,A5) -> 3
A6: 3. Điều khiển khi sinh TTS | B6: Điều khiển lúc sinh âm thanh: tốc độ, phong cách, ngắt nghỉ, cảm xúc. Kết quả phải đo lại sau khi sinh. | C6: =COUNTIF(Yeu_to!$G$4:$G$74,A6) -> 7 | D6: =COUNTIF(Yeu_to!$H$4:$H$74,A6) -> 3
A7: 4. Trộn nhiễu và mô phỏng khoang xe (sau TTS) | B7: Thêm sau khi TTS đã sinh âm thanh sạch: tiếng ồn, vang khoang xe, mức giọng so với ồn, vị trí mic. | C7: =COUNTIF(Yeu_to!$G$4:$G$74,A7) -> 18 | D7: =COUNTIF(Yeu_to!$H$4:$H$74,A7) -> 2
A8: 5. Chuỗi xử lý đầu vào (sau trộn) | B8: Chuỗi xử lý giữa mic và bộ nhận dạng: tần số lấy mẫu, codec, khử ồn, AGC. Dùng cùng chuỗi khi tạo dữ liệu và khi chạy thật. | C8: =COUNTIF(Yeu_to!$G$4:$G$74,A8) -> 6 | D8: =COUNTIF(Yeu_to!$H$4:$H$74,A8) -> 1
A9: 6. Chỉ để đánh giá | B9: Không điều khiển được khi sinh; chỉ có thể đo ở bộ đánh giá. | C9: =COUNTIF(Yeu_to!$G$4:$G$74,A9) -> 1 | D9: =COUNTIF(Yeu_to!$H$4:$H$74,A9) -> 4
A10: Tinh chỉnh TTS (tùy chọn) | B10: Nếu zero-shot không giữ được giọng vùng thì tinh chỉnh TTS trên giọng thật có nhãn vùng. | C10: =COUNTIF(Yeu_to!$G$4:$G$74,A10) -> 0 | D10: =COUNTIF(Yeu_to!$H$4:$H$74,A10) -> 1
A11: Ngoài phạm vi ASR (phía loa hoặc hệ thống) | B11: Thuộc đường phát ra loa hoặc hệ thống trợ lý, không ảnh hưởng dữ liệu huấn luyện ASR; giữ lại cho giai đoạn đánh giá TTS sản phẩm (mục đích M5). | C11: =COUNTIF(Yeu_to!$G$4:$G$74,A11) -> 13 | D11: =COUNTIF(Yeu_to!$H$4:$H$74,A11) -> 1
A12: Tổng | C12: =SUM(C4:C11) -> 71 | D12: =SUM(D4:D11) -> 17
A13: Kiểm tra: tổng bước chính bằng số yếu tố | C13: =IF(C12=COUNTA(Yeu_to!$C$4:$C$74),"Khớp","Lệch") -> Khớp

Sheet Ma_tran
A1: Ma trận case × yếu tố
A2: ● = case cần yếu tố này (trọng yếu); ○ = có xuất hiện. Hàng 5 cho bước xử lý chính; chỉ yếu tố thuộc bước 1 được phủ bằng câu, hàng 21 đếm số câu mẫu phủ.
A3: Mã case | B3: Tên case | C3: Mục đích chính | D3: E02 | E3: E03 | F3: E04 | G3: E05 | H3: E06 | I3: E07 | J3: E08 | K3: D01 | L3: D03 | M3: S21 | N3: S22 | O3: S23 | P3: S24 | Q3: S33 | R3: S51 | S3: S52 | T3: S53 | U3: S54 | V3: S55 | W3: S12 | X3: A07 | Y3: A14 | Z3: Số yếu tố ● | AA3: Số câu mẫu M1, M2
A4: Tên yếu tố | D4: =INDEX(Yeu_to!$D$4:$D$74,MATCH(D$3,Yeu_to!$C$4:$C$74,0)) -> Thanh điệu dưới nhiễu | E4: =INDEX(Yeu_to!$D$4:$D$74,MATCH(E$3,Yeu_to!$C$4:$C$74,0)) -> Chuẩn hóa số, giờ, ngày, tiền, đơn vị | F4: =INDEX(Yeu_to!$D$4:$D$74,MATCH(F$3,Yeu_to!$C$4:$C$74,0)) -> Tên đường, địa danh, địa chỉ | G4: =INDEX(Yeu_to!$D$4:$D$74,MATCH(G$3,Yeu_to!$C$4:$C$74,0)) -> Từ mượn và chuyển mã Anh–Việt | H4: =INDEX(Yeu_to!$D$4:$D$74,MATCH(H$3,Yeu_to!$C$4:$C$74,0)) -> Xưng hô và từ đệm | I4: =INDEX(Yeu_to!$D$4:$D$74,MATCH(I$3,Yeu_to!$C$4:$C$74,0)) -> Viết tắt và ký hiệu | J4: =INDEX(Yeu_to!$D$4:$D$74,MATCH(J$3,Yeu_to!$C$4:$C$74,0)) -> Độ dài câu và ngắt nghỉ | K4: =INDEX(Yeu_to!$D$4:$D$74,MATCH(K$3,Yeu_to!$C$4:$C$74,0)) -> Tải nhận thức của người lái | ... Y4: =INDEX(Yeu_to!$D$4:$D$74,MATCH(Y$3,Yeu_to!$C$4:$C$74,0)) -> Người khác nói chồng lên lệnh người dùng
A5: Bước xử lý chính | D5: =INDEX(Yeu_to!$G$4:$G$74,MATCH(D$3,Yeu_to!$C$4:$C$74,0)) -> 1. Thiết kế câu (văn bản) | E5: =INDEX(Yeu_to!$G$4:$G$74,MATCH(E$3,Yeu_to!$C$4:$C$74,0)) -> 1. Thiết kế câu (văn bản) | F5: =INDEX(Yeu_to!$G$4:$G$74,MATCH(F$3,Yeu_to!$C$4:$C$74,0)) -> 1. Thiết kế câu (văn bản) | G5: =INDEX(Yeu_to!$G$4:$G$74,MATCH(G$3,Yeu_to!$C$4:$C$74,0)) -> 1. Thiết kế câu (văn bản) | H5: =INDEX(Yeu_to!$G$4:$G$74,MATCH(H$3,Yeu_to!$C$4:$C$74,0)) -> 1. Thiết kế câu (văn bản) | I5: =INDEX(Yeu_to!$G$4:$G$74,MATCH(I$3,Yeu_to!$C$4:$C$74,0)) -> 1. Thiết kế câu (văn bản) | J5: =INDEX(Yeu_to!$G$4:$G$74,MATCH(J$3,Yeu_to!$C$4:$C$74,0)) -> 1. Thiết kế câu (văn bản) | K5: =INDEX(Yeu_to!$G$4:$G$74,MATCH(K$3,Yeu_to!$C$4:$C$74,0)) -> 1. Thiết kế câu (văn bản) | ... Y5: =INDEX(Yeu_to!$G$4:$G$74,MATCH(Y$3,Yeu_to!$C$4:$C$74,0)) -> 4. Trộn nhiễu và mô phỏng khoang xe (sau TTS)
A6: CS01 | B6: =INDEX(Case_study!$B$4:$B$15,MATCH(A6,Case_study!$A$4:$A$15,0)) -> Dẫn đường | C6: =INDEX(Case_study!$D$4:$D$15,MATCH(A6,Case_study!$A$4:$A$15,0)) -> M1 | E6: ● | F6: ● | G6: ○ | I6: ○ | J6: ○ | K6: ● | O6: ○ | Q6: ○ | R6: ● | T6: ○ | U6: ● | Z6: =COUNTIF(D6:Y6,"●") -> 5 | AA6: =COUNTIFS(Mau_cau!$C$4:$C$300,A6,Mau_cau!$B$4:$B$300,"<>M4") -> 8
A7: CS02 | B7: =INDEX(Case_study!$B$4:$B$15,MATCH(A7,Case_study!$A$4:$A$15,0)) -> Cảnh báo an toàn (ADAS) | C7: =INDEX(Case_study!$D$4:$D$15,MATCH(A7,Case_study!$A$4:$A$15,0)) -> M5 | J7: ● | K7: ● | L7: ● | M7: ● | N7: ○ | O7: ● | Z7: =COUNTIF(D7:Y7,"●") -> 5 | AA7: =COUNTIFS(Mau_cau!$C$4:$C$300,A7,Mau_cau!$B$4:$B$300,"<>M4") -> 2
A8: CS03 | B8: =INDEX(Case_study!$B$4:$B$15,MATCH(A8,Case_study!$A$4:$A$15,0)) -> Điều khiển xe | C8: =INDEX(Case_study!$D$4:$D$15,MATCH(A8,Case_study!$A$4:$A$15,0)) -> M1 | D8: ● | E8: ● | G8: ○ | H8: ○ | J8: ○ | R8: ● | S8: ○ | V8: ● | Y8: ○ | Z8: =COUNTIF(D8:Y8,"●") -> 4 | AA8: =COUNTIFS(Mau_cau!$C$4:$C$300,A8,Mau_cau!$B$4:$B$300,"<>M4") -> 9
A9: CS04 | B9: =INDEX(Case_study!$B$4:$B$15,MATCH(A9,Case_study!$A$4:$A$15,0)) -> Giải trí (nhạc, radio) | C9: =INDEX(Case_study!$D$4:$D$15,MATCH(A9,Case_study!$A$4:$A$15,0)) -> M1 | E9: ○ | G9: ● | I9: ○ | Q9: ○ | V9: ● | X9: ● | Y9: ○ | Z9: =COUNTIF(D9:Y9,"●") -> 3 | AA9: =COUNTIFS(Mau_cau!$C$4:$C$300,A9,Mau_cau!$B$4:$B$300,"<>M4") -> 5
A10: CS05 | B10: =INDEX(Case_study!$B$4:$B$15,MATCH(A10,Case_study!$A$4:$A$15,0)) -> Điện thoại và tin nhắn | C10: =INDEX(Case_study!$D$4:$D$15,MATCH(A10,Case_study!$A$4:$A$15,0)) -> M1 | E10: ● | F10: ○ | H10: ● | S10: ● | T10: ● | Y10: ● | Z10: =COUNTIF(D10:Y10,"●") -> 5 | AA10: =COUNTIFS(Mau_cau!$C$4:$C$300,A10,Mau_cau!$B$4:$B$300,"<>M4") -> 6
A11: CS06 | B11: =INDEX(Case_study!$B$4:$B$15,MATCH(A11,Case_study!$A$4:$A$15,0)) -> Trạng thái xe và bảo dưỡng | C11: =INDEX(Case_study!$D$4:$D$15,MATCH(A11,Case_study!$A$4:$A$15,0)) -> M1 | E11: ● | I11: ● | J11: ○ | K11: ○ | Z11: =COUNTIF(D11:Y11,"●") -> 2 | AA11: =COUNTIFS(Mau_cau!$C$4:$C$300,A11,Mau_cau!$B$4:$B$300,"<>M4") -> 3
A12: CS07 | B12: =INDEX(Case_study!$B$4:$B$15,MATCH(A12,Case_study!$A$4:$A$15,0)) -> Sạc xe điện và trạm nhiên liệu | C12: =INDEX(Case_study!$D$4:$D$15,MATCH(A12,Case_study!$A$4:$A$15,0)) -> M1 | E12: ● | I12: ● | J12: ○ | T12: ● | Z12: =COUNTIF(D12:Y12,"●") -> 3 | AA12: =COUNTIFS(Mau_cau!$C$4:$C$300,A12,Mau_cau!$B$4:$B$300,"<>M4") -> 4
A13: CS08 | B13: =INDEX(Case_study!$B$4:$B$15,MATCH(A13,Case_study!$A$4:$A$15,0)) -> Giao thông và thời tiết | C13: =INDEX(Case_study!$D$4:$D$15,MATCH(A13,Case_study!$A$4:$A$15,0)) -> M1 | E13: ● | F13: ● | J13: ○ | K13: ○ | R13: ○ | Z13: =COUNTIF(D13:Y13,"●") -> 2 | AA13: =COUNTIFS(Mau_cau!$C$4:$C$300,A13,Mau_cau!$B$4:$B$300,"<>M4") -> 4
A14: CS09 | B14: =INDEX(Case_study!$B$4:$B$15,MATCH(A14,Case_study!$A$4:$A$15,0)) -> Khẩn cấp và cứu hộ | C14: =INDEX(Case_study!$D$4:$D$15,MATCH(A14,Case_study!$A$4:$A$15,0)) -> M1 | J14: ● | K14: ● | L14: ● | M14: ● | N14: ○ | O14: ● | P14: ● | Z14: =COUNTIF(D14:Y14,"●") -> 6 | AA14: =COUNTIFS(Mau_cau!$C$4:$C$300,A14,Mau_cau!$B$4:$B$300,"<>M4") -> 4
A15: CS10 | B15: =INDEX(Case_study!$B$4:$B$15,MATCH(A15,Case_study!$A$4:$A$15,0)) -> Hội thoại và gợi ý chủ động | C15: =INDEX(Case_study!$D$4:$D$15,MATCH(A15,Case_study!$A$4:$A$15,0)) -> M1 | E15: ○ | G15: ● | H15: ○ | J15: ● | O15: ○ | Q15: ● | V15: ● | Z15: =COUNTIF(D15:Y15,"●") -> 4 | AA15: =COUNTIFS(Mau_cau!$C$4:$C$300,A15,Mau_cau!$B$4:$B$300,"<>M4") -> 5
A16: CS11 | B16: =INDEX(Case_study!$B$4:$B$15,MATCH(A16,Case_study!$A$4:$A$15,0)) -> Hành khách và trẻ em | C16: =INDEX(Case_study!$D$4:$D$15,MATCH(A16,Case_study!$A$4:$A$15,0)) -> M1 | H16: ○ | M16: ○ | W16: ● | Y16: ● | Z16: =COUNTIF(D16:Y16,"●") -> 2 | AA16: =COUNTIFS(Mau_cau!$C$4:$C$300,A16,Mau_cau!$B$4:$B$300,"<>M4") -> 3
A17: CS12 | B17: =INDEX(Case_study!$B$4:$B$15,MATCH(A17,Case_study!$A$4:$A$15,0)) -> Lỗi, làm rõ và ngoại tuyến | C17: =INDEX(Case_study!$D$4:$D$15,MATCH(A17,Case_study!$A$4:$A$15,0)) -> M2 | H17: ● | J17: ● | O17: ● | Q17: ● | R17: ○ | Z17: =COUNTIF(D17:Y17,"●") -> 4 | AA17: =COUNTIFS(Mau_cau!$C$4:$C$300,A17,Mau_cau!$B$4:$B$300,"<>M4") -> 12
A19: Số case cần (●) | D19: =COUNTIF(D6:D17,"●") -> 1 | E19: =COUNTIF(E6:E17,"●") -> 6 | F19: =COUNTIF(F6:F17,"●") -> 2 | G19: =COUNTIF(G6:G17,"●") -> 2 | H19: =COUNTIF(H6:H17,"●") -> 2 | I19: =COUNTIF(I6:I17,"●") -> 2 | J19: =COUNTIF(J6:J17,"●") -> 4 | K19: =COUNTIF(K6:K17,"●") -> 3 | ... Y19: =COUNTIF(Y6:Y17,"●") -> 2
A20: Số câu mẫu phủ | D20: =IF(LEFT(D$5,1)="1",COUNTIF(Mau_cau!$N$4:$N$300,"*"&D$3&"*"),"—") -> 8 | E20: =IF(LEFT(E$5,1)="1",COUNTIF(Mau_cau!$N$4:$N$300,"*"&E$3&"*"),"—") -> 21 | F20: =IF(LEFT(F$5,1)="1",COUNTIF(Mau_cau!$N$4:$N$300,"*"&F$3&"*"),"—") -> 6 | G20: =IF(LEFT(G$5,1)="1",COUNTIF(Mau_cau!$N$4:$N$300,"*"&G$3&"*"),"—") -> 3 | H20: =IF(LEFT(H$5,1)="1",COUNTIF(Mau_cau!$N$4:$N$300,"*"&H$3&"*"),"—") -> 5 | I20: =IF(LEFT(I$5,1)="1",COUNTIF(Mau_cau!$N$4:$N$300,"*"&I$3&"*"),"—") -> 4 | J20: =IF(LEFT(J$5,1)="1",COUNTIF(Mau_cau!$N$4:$N$300,"*"&J$3&"*"),"—") -> 29 | K20: =IF(LEFT(K$5,1)="1",COUNTIF(Mau_cau!$N$4:$N$300,"*"&K$3&"*"),"—") -> 1 | ... Y20: =IF(LEFT(Y$5,1)="1",COUNTIF(Mau_cau!$N$4:$N$300,"*"&Y$3&"*"),"—") -> —

Sheet Mau_khung
A1: Mẫu câu × khe thông tin
A2: Số giá trị mỗi khe là mục tiêu cần liệt kê (ô vàng sửa được), không phải danh sách đã có. Sức chứa là tích tối đa; khe phụ thuộc nhau thì thực tế thấp hơn. Diễn đạt lại bằng LLM và người duyệt sẽ nhân thêm.
A3: Mã | B3: Case | C3: Ý định | D3: Mẫu câu | E3: Khe 1 | F3: Giá trị ví dụ khe 1 | G3: Số giá trị mục tiêu khe 1 | H3: Khe 2 | I3: Giá trị ví dụ khe 2 | J3: Số giá trị mục tiêu khe 2 | K3: Khe 3 | L3: Giá trị ví dụ khe 3 | M3: Số giá trị mục tiêu khe 3 | N3: Sức chứa tổ hợp | O3: Biến thể vùng | P3: Yếu tố (mã) | Q3: Ghi chú
A4: T01 | B4: CS01 | C4: dẫn đường đến địa chỉ | D4: {động từ} đến {đích} | E4: động từ | F4: Dẫn đường; Chỉ đường tới; Đưa tôi đến | G4: 4 | H4: đích | I4: số 15 ngõ 28 Chùa Bộc; hẻm 28 đường Nguyễn Văn Cừ; sân bay Nội Bài; bệnh viện Chợ Rẫy; Huế | J4: 300 | N4: =G4*IF(J4="",1,J4)*IF(M4="",1,M4) -> 1200 | O4: ngõ/hẻm theo vùng của địa chỉ | P4: E03; E04; S51; S54 | Q4: Danh sách đích lấy từ dữ liệu bản đồ (OpenStreetMap, ODbL, cần ghi nguồn) kèm cách gọi quen của người địa phương.
A5: T02 | B5: CS01 | C5: hỏi khoảng cách hoặc thời gian | D5: {hỏi} đến {đích} | E5: hỏi | F5: Còn bao xa; Mất bao lâu; Mấy giờ thì tới | G5: 5 | H5: đích | I5: Huế; Đà Nẵng; nhà; cơ quan | J5: 300 | N5: =G5*IF(J5="",1,J5)*IF(M5="",1,M5) -> 1500 | P5: E04; E08; S33
A6: T03 | B6: CS01 | C6: tìm đường tránh | D6: Tìm đường khác tránh {trở ngại} | E6: trở ngại | F6: kẹt xe (Nam); tắc đường (Bắc); công trình; ngập nước | G6: 8 | N6: =G6*IF(J6="",1,J6)*IF(M6="",1,M6) -> 8 | O6: kẹt xe/tắc đường | P6: S51
A7: T04 | B7: CS03 | C7: đặt nhiệt độ | D7: Đặt nhiệt độ {vị trí} {số} độ | E7: vị trí | F7: ghế lái; ghế phụ; khoang sau | G7: 3 | H7: số | I7: 18; 22; 24; 28 | J7: 11 | N7: =G7*IF(J7="",1,J7)*IF(M7="",1,M7) -> 33 | P7: E03; E02
A8: T05 | B8: CS03 | C8: hạ kính | D8: Hạ {kính} {bên} xuống {mức} | E8: kính | F8: kính (Bắc); kiếng (Nam) | G8: 2 | H8: bên | I8: bên lái; bên phụ; sau trái; sau phải | J8: 4 | K8: mức | L8: một nửa; hoàn toàn; một chút | M8: 3 | N8: =G8*IF(J8="",1,J8)*IF(M8="",1,M8) -> 24 | O8: kính/kiếng; thêm nha/nhé | P8: S51; S52; E02
A9: T06 | B9: CS03 | C9: bật điều hòa | D9: Bật {điều hòa} {số} độ | E9: điều hòa | F9: điều hòa (Bắc); máy lạnh (Nam); air-con | G9: 3 | H9: số | I9: 16; 19; 22; 26 | J9: 11 | N9: =G9*IF(J9="",1,J9)*IF(M9="",1,M9) -> 33 | O9: điều hòa/máy lạnh | P9: E03; S51; S55
A10: T07 | B10: CS04 | C10: mở nhạc | D10: Mở {loại} {tên} | E10: loại | F10: bài; danh sách nhạc; podcast | G10: 3 | H10: tên | I10: Chill cuối tuần; nhạc thiếu nhi | J10: 100 | N10: =G10*IF(J10="",1,J10)*IF(M10="",1,M10) -> 300 | P10: E05; A07 | Q10: Tên lấy từ kho nhạc; kiểm bản quyền nếu đưa lời bài hát.
A11: T08 | B11: CS04 | C11: chuyển kênh | D11: Chuyển sang kênh {kênh}, {tần số} | E11: kênh | F11: VOV Giao thông; VOV 3 | G11: 10 | H11: tần số | I11: FM 91 MHz; FM 102,7 MHz | J11: 10 | N11: =G11*IF(J11="",1,J11)*IF(M11="",1,M11) -> 100 | P11: E03; E07; E05
A12: T09 | B12: CS05 | C12: gọi | D12: Gọi cho {người} | E12: người | F12: anh Minh; chị Lan; mạ (Trung); má (Nam) | G12: 100 | N12: =G12*IF(J12="",1,J12)*IF(M12="",1,M12) -> 100 | O12: xưng hô mạ/má/mẹ | P12: E06; S52 | Q12: Tên người dùng tên phổ biến, không dùng tên người có thật.
A13: T10 | B13: CS05 | C13: gọi theo số | D13: Gọi số {số điện thoại} | E13: số điện thoại | F13: 0912 345 678; 0903 456 789 | G13: 200 | N13: =G13*IF(J13="",1,J13)*IF(M13="",1,M13) -> 200 | P13: E03; S53
A14: T11 | B14: CS06 | C14: hỏi trạng thái xe | D14: {vật} {bộ phận} {hỏi} | E14: vật | F14: Áp suất lốp; Nhiên liệu; Lịch bảo dưỡng | G14: 4 | H14: bộ phận | I14: trước bên phải; sau bên trái | J14: 4 | K14: hỏi | L14: bao nhiêu; còn bao nhiêu | M14: 3 | N14: =G14*IF(J14="",1,J14)*IF(M14="",1,M14) -> 48 | O14: bao giờ/khi nào | P14: E03; E07
A15: T12 | B15: CS07 | C15: hỏi sạc | D15: Sạc từ {x} lên {y} phần trăm mất bao lâu | E15: x | F15: 20; 35; 50 | G15: 8 | H15: y | I15: 80; 90; 100 | J15: 4 | N15: =G15*IF(J15="",1,J15)*IF(M15="",1,M15) -> 32 | P15: E03; E07
A16: T13 | B16: CS08 | C16: hỏi thời tiết | D16: Hôm nay {thành phố} có {hiện tượng} không | E16: thành phố | F16: Hà Nội; Đà Nẵng; Huế; Cần Thơ | G16: 63 | H16: hiện tượng | I16: mưa; nắng; ngập | J16: 4 | N16: =G16*IF(J16="",1,J16)*IF(M16="",1,M16) -> 252 | P16: E04
A17: T14 | B17: CS09 | C17: gọi khẩn cấp | D17: Gọi {dịch vụ} | E17: dịch vụ | F17: cấp cứu 115; cứu hộ giao thông | G17: 4 | N17: =G17*IF(J17="",1,J17)*IF(M17="",1,M17) -> 4 | P17: D03; S23 | Q17: Trạng thái giọng căng thẳng; ít mẫu.
A18: T15 | B18: CS10 | C18: nhắc việc | D18: Nhắc tôi {việc} {lúc} | E18: việc | F18: mua sữa; họp; đón con | G18: 100 | H18: lúc | I18: lúc chín giờ sáng mai; khi đi ngang siêu thị | J18: 20 | N18: =G18*IF(J18="",1,J18)*IF(M18="",1,M18) -> 2000 | P18: E03; E08
A19: T16 | B19: CS10 | C19: hỏi quán gần đây | D19: Gần đây có {quán} nào có chỗ {đỗ} xe không | E19: quán | F19: quán cà phê; nhà hàng; trạm sạc | G19: 10 | H19: đỗ | I19: đỗ (Bắc); đậu (Nam) | J19: 2 | N19: =G19*IF(J19="",1,J19)*IF(M19="",1,M19) -> 20 | O19: đỗ/đậu | P19: S51; E08
A20: T17 | B20: CS12 | C20: trả lời ngắn | D20: {trả lời} | E20: trả lời | F20: Có; Không; Hủy; Cái thứ hai; Hai | G20: 40 | N20: =G20*IF(J20="",1,J20)*IF(M20="",1,M20) -> 40 | O20: vâng/dạ | P20: E08; S33; S52 | Q20: Câu rất ngắn.
A21: T18 | B21: CS12 | C21: sửa lệnh | D21: Không phải, ý tôi là {lệnh đúng} | E21: lệnh đúng | F21: gọi anh Hùng Trần; đi đường khác | G21: 100 | N21: =G21*IF(J21="",1,J21)*IF(M21="",1,M21) -> 100 | P21: S23; E06

Sheet Mau_cau
A1: Câu mẫu của người dùng (M1, M2) và câu chẩn đoán (M4)
A2: Cột xanh lá tự tính (số âm tiết = số từ cách nhau bởi dấu cách; thời lượng = âm tiết / tốc độ ở Tong_quan!B40). M3 chưa có dòng vì chưa chọn bộ thật. Ví dụ từ vùng cần người bản ngữ duyệt.
A3: sample_id | B3: purpose | C3: case_id | D3: case_name | E3: intent | F3: speech_act | G3: text_raw | H3: text_spoken | I3: language_mix | J3: norm_features | K3: lexicon_variant | L3: speaker_region | M3: speaker_state | N3: factors_covered | O3: so_am_tiet | P3: do_dai | Q3: est_duration_s | R3: notes
A4: CS01-M1-001 | B4: M1 | C4: CS01 | D4: =IFERROR(INDEX(Case_study!$B$4:$B$15,MATCH(C4,Case_study!$A$4:$A$15,0)),"") -> Dẫn đường | E4: dẫn đường đến địa chỉ | F4: Lệnh | G4: Dẫn đường đến số 15 ngõ 28 Chùa Bộc. | H4: Dẫn đường đến số mười lăm ngõ hai mươi tám Chùa Bộc. | I4: Việt | J4: số; địa chỉ; tên riêng/địa danh | K4: Bắc | L4: Bắc | M4: Bình thường | N4: E03; E04; S51; S54 | O4: =LEN(TRIM(H4))-LEN(SUBSTITUTE(TRIM(H4)," ",""))+1 -> 12 | P4: =IF(O4<=3,"Rất ngắn (≤3)",IF(O4<=8,"Ngắn (4–8)","Thường (>8)")) -> Thường (>8) | Q4: =ROUND(O4/Tong_quan!$B$40,1) -> 2.7 | R4: Cần người bản ngữ vùng đó duyệt.
A5: CS01-M1-002 | B5: M1 | C5: CS01 | D5: =IFERROR(INDEX(Case_study!$B$4:$B$15,MATCH(C5,Case_study!$A$4:$A$15,0)),"") -> Dẫn đường | E5: dẫn đường đến địa chỉ | F5: Lệnh | G5: Dẫn đường tới hẻm 28 đường Nguyễn Văn Cừ. | H5: Dẫn đường tới hẻm hai mươi tám đường Nguyễn Văn Cừ. | I5: Việt | J5: số; địa chỉ; tên riêng/địa danh | K5: Nam | L5: Nam | M5: Bình thường | N5: E03; E04; S51; S54 | O5: =LEN(TRIM(H5))-LEN(SUBSTITUTE(TRIM(H5)," ",""))+1 -> 11 | P5: =IF(O5<=3,"Rất ngắn (≤3)",IF(O5<=8,"Ngắn (4–8)","Thường (>8)")) -> Thường (>8) | Q5: =ROUND(O5/Tong_quan!$B$40,1) -> 2.4 | R5: Cần người bản ngữ vùng đó duyệt.
A6: CS01-M1-003 | B6: M1 | C6: CS01 | D6: =IFERROR(INDEX(Case_study!$B$4:$B$15,MATCH(C6,Case_study!$A$4:$A$15,0)),"") -> Dẫn đường | E6: hỏi còn bao xa | F6: Câu hỏi | G6: Còn bao xa nữa thì đến nơi? | H6: Còn bao xa nữa thì đến nơi? | I6: Việt | K6: Chuẩn chung | L6: Bất kỳ (xoay vòng) | M6: Bình thường | N6: E08; S33 | O6: =LEN(TRIM(H6))-LEN(SUBSTITUTE(TRIM(H6)," ",""))+1 -> 7 | P6: =IF(O6<=3,"Rất ngắn (≤3)",IF(O6<=8,"Ngắn (4–8)","Thường (>8)")) -> Ngắn (4–8) | Q6: =ROUND(O6/Tong_quan!$B$40,1) -> 1.6
A7: CS01-M1-004 | B7: M1 | C7: CS01 | D7: =IFERROR(INDEX(Case_study!$B$4:$B$15,MATCH(C7,Case_study!$A$4:$A$15,0)),"") -> Dẫn đường | E7: báo rẽ ở ngã tư | F7: Câu hỏi | G7: Quẹo trái ở ngã tư tới đúng không? | H7: Quẹo trái ở ngã tư tới đúng không? | I7: Việt | K7: Nam | L7: Nam | M7: Bình thường | N7: S51; S33 | O7: =LEN(TRIM(H7))-LEN(SUBSTITUTE(TRIM(H7)," ",""))+1 -> 8 | P7: =IF(O7<=3,"Rất ngắn (≤3)",IF(O7<=8,"Ngắn (4–8)","Thường (>8)")) -> Ngắn (4–8) | Q7: =ROUND(O7/Tong_quan!$B$40,1) -> 1.8 | R7: Cần người bản ngữ vùng đó duyệt.
A8: CS01-M1-005 | B8: M1 | C8: CS01 | D8: =IFERROR(INDEX(Case_study!$B$4:$B$15,MATCH(C8,Case_study!$A$4:$A$15,0)),"") -> Dẫn đường | E8: tìm đường tránh tắc | F8: Lệnh | G8: Tìm đường khác tránh kẹt xe. | H8: Tìm đường khác tránh kẹt xe. | I8: Việt | K8: Nam | L8: Nam | M8: Bình thường | N8: S51 | O8: =LEN(TRIM(H8))-LEN(SUBSTITUTE(TRIM(H8)," ",""))+1 -> 6 | P8: =IF(O8<=3,"Rất ngắn (≤3)",IF(O8<=8,"Ngắn (4–8)","Thường (>8)")) -> Ngắn (4–8) | Q8: =ROUND(O8/Tong_quan!$B$40,1) -> 1.3 | R8: Cần người bản ngữ vùng đó duyệt.
A9: CS01-M1-006 | B9: M1 | C9: CS01 | D9: =IFERROR(INDEX(Case_study!$B$4:$B$15,MATCH(C9,Case_study!$A$4:$A$15,0)),"") -> Dẫn đường | E9: tìm đường tránh tắc | F9: Lệnh | G9: Tìm đường khác tránh tắc đường. | H9: Tìm đường khác tránh tắc đường. | I9: Việt | K9: Bắc | L9: Bắc | M9: Bình thường | N9: S51 | O9: =LEN(TRIM(H9))-LEN(SUBSTITUTE(TRIM(H9)," ",""))+1 -> 6 | P9: =IF(O9<=3,"Rất ngắn (≤3)",IF(O9<=8,"Ngắn (4–8)","Thường (>8)")) -> Ngắn (4–8) | Q9: =ROUND(O9/Tong_quan!$B$40,1) -> 1.3 | R9: Cần người bản ngữ vùng đó duyệt.
A10: CS01-M1-007 | B10: M1 | C10: CS01 | D10: =IFERROR(INDEX(Case_study!$B$4:$B$15,MATCH(C10,Case_study!$A$4:$A$15,0)),"") -> Dẫn đường | E10: hỏi giờ đến | F10: Câu hỏi | G10: Đến Huế mất bao lâu? | H10: Đến Huế mất bao lâu? | I10: Việt | J10: tên riêng/địa danh | K10: Chuẩn chung | L10: Trung | M10: Bình thường | N10: E04; E08 | O10: =LEN(TRIM(H10))-LEN(SUBSTITUTE(TRIM(H10)," ",""))+1 -> 5 | P10: =IF(O10<=3,"Rất ngắn (≤3)",IF(O10<=8,"Ngắn (4–8)","Thường (>8)")) -> Ngắn (4–8) | Q10: =ROUND(O10/Tong_quan!$B$40,1) -> 1.1 | R10: Giọng Trung nói tên địa danh Trung; từ vựng chuẩn chung.
A11: CS01-M1-008 | B11: M1 | C11: CS01 | D11: =IFERROR(INDEX(Case_study!$B$4:$B$15,MATCH(C11,Case_study!$A$4:$A$15,0)),"") -> Dẫn đường | E11: hủy dẫn đường | F11: Lệnh | G11: Hủy dẫn đường. | H11: Hủy dẫn đường. | I11: Việt | K11: Chuẩn chung | L11: Bất kỳ (xoay vòng) | M11: Bình thường | N11: E08 | O11: =LEN(TRIM(H11))-LEN(SUBSTITUTE(TRIM(H11)," ",""))+1 -> 3 | P11: =IF(O11<=3,"Rất ngắn (≤3)",IF(O11<=8,"Ngắn (4–8)","Thường (>8)")) -> Rất ngắn (≤3) | Q11: =ROUND(O11/Tong_quan!$B$40,1) -> 0.7
A12: CS02-M1-001 | B12: M1 | C12: CS02 | D12: =IFERROR(INDEX(Case_study!$B$4:$B$15,MATCH(C12,Case_study!$A$4:$A$15,0)),"") -> Cảnh báo an toàn (ADAS) | E12: tắt cảnh báo | F12: Lệnh | G12: Tắt cảnh báo lệch làn. | H12: Tắt cảnh báo lệch làn. | I12: Việt | K12: Chuẩn chung | L12: Bất kỳ (xoay vòng) | M12: Bình thường | N12: E08 | O12: =LEN(TRIM(H12))-LEN(SUBSTITUTE(TRIM(H12)," ",""))+1 -> 5 | P12: =IF(O12<=3,"Rất ngắn (≤3)",IF(O12<=8,"Ngắn (4–8)","Thường (>8)")) -> Ngắn (4–8) | Q12: =ROUND(O12/Tong_quan!$B$40,1) -> 1.1
A13: CS02-M1-002 | B13: M1 | C13: CS02 | D13: =IFERROR(INDEX(Case_study!$B$4:$B$15,MATCH(C13,Case_study!$A$4:$A$15,0)),"") -> Cảnh báo an toàn (ADAS) | E13: nói tôi ổn khi bị nhắc mệt | F13: Câu cụt | G13: Tôi tỉnh rồi, không cần nhắc nữa. | H13: Tôi tỉnh rồi, không cần nhắc nữa. | I13: Việt | K13: Chuẩn chung | L13: Bất kỳ (xoay vòng) | M13: Mệt mỏi | N13: S22; S23; D03 | O13: =LEN(TRIM(H13))-LEN(SUBSTITUTE(TRIM(H13)," ",""))+1 -> 7 | P13: =IF(O13<=3,"Rất ngắn (≤3)",IF(O13<=8,"Ngắn (4–8)","Thường (>8)")) -> Ngắn (4–8) | Q13: =ROUND(O13/Tong_quan!$B$40,1) -> 1.6 | R13: Giọng mệt khó sinh; xem yếu tố S22.
A14: CS03-M1-001 | B14: M1 | C14: CS03 | D14: =IFERROR(INDEX(Case_study!$B$4:$B$15,MATCH(C14,Case_study!$A$4:$A$15,0)),"") -> Điều khiển xe | E14: đặt nhiệt độ ghế | F14: Lệnh | G14: Đặt nhiệt độ ghế lái 24 độ. | H14: Đặt nhiệt độ ghế lái hai mươi tư độ. | I14: Việt | J14: số; đơn vị đo | K14: Chuẩn chung | L14: Bất kỳ (xoay vòng) | M14: Bình thường | N14: E03; E02 | O14: =LEN(TRIM(H14))-LEN(SUBSTITUTE(TRIM(H14)," ",""))+1 -> 9 | P14: =IF(O14<=3,"Rất ngắn (≤3)",IF(O14<=8,"Ngắn (4–8)","Thường (>8)")) -> Thường (>8) | Q14: =ROUND(O14/Tong_quan!$B$40,1) -> 2
A15: CS03-M1-002 | B15: M1 | C15: CS03 | D15: =IFERROR(INDEX(Case_study!$B$4:$B$15,MATCH(C15,Case_study!$A$4:$A$15,0)),"") -> Điều khiển xe | E15: hạ kính | F15: Lệnh | G15: Hạ kính bên phụ xuống một nửa. | H15: Hạ kính bên phụ xuống một nửa. | I15: Việt | K15: Bắc | L15: Bắc | M15: Bình thường | N15: S51; E02 | O15: =LEN(TRIM(H15))-LEN(SUBSTITUTE(TRIM(H15)," ",""))+1 -> 7 | P15: =IF(O15<=3,"Rất ngắn (≤3)",IF(O15<=8,"Ngắn (4–8)","Thường (>8)")) -> Ngắn (4–8) | Q15: =ROUND(O15/Tong_quan!$B$40,1) -> 1.6 | R15: Cần người bản ngữ vùng đó duyệt.
A16: CS03-M1-003 | B16: M1 | C16: CS03 | D16: =IFERROR(INDEX(Case_study!$B$4:$B$15,MATCH(C16,Case_study!$A$4:$A$15,0)),"") -> Điều khiển xe | E16: hạ kính | F16: Lệnh | G16: Hạ kiếng bên phụ xuống một nửa nha. | H16: Hạ kiếng bên phụ xuống một nửa nha. | I16: Việt | K16: Nam | L16: Nam | M16: Bình thường | N16: S51; S52; E02 | O16: =LEN(TRIM(H16))-LEN(SUBSTITUTE(TRIM(H16)," ",""))+1 -> 8 | P16: =IF(O16<=3,"Rất ngắn (≤3)",IF(O16<=8,"Ngắn (4–8)","Thường (>8)")) -> Ngắn (4–8) | Q16: =ROUND(O16/Tong_quan!$B$40,1) -> 1.8 | R16: Cần người bản ngữ vùng đó duyệt.
A17: CS03-M1-004 | B17: M1 | C17: CS03 | D17: =IFERROR(INDEX(Case_study!$B$4:$B$15,MATCH(C17,Case_study!$A$4:$A$15,0)),"") -> Điều khiển xe | E17: bật sưởi ghế | F17: Lệnh | G17: Bật sưởi ghế mức 2. | H17: Bật sưởi ghế mức hai. | I17: Việt | J17: số | K17: Chuẩn chung | L17: Bất kỳ (xoay vòng) | M17: Bình thường | N17: E03; E02 | O17: =LEN(TRIM(H17))-LEN(SUBSTITUTE(TRIM(H17)," ",""))+1 -> 5 | P17: =IF(O17<=3,"Rất ngắn (≤3)",IF(O17<=8,"Ngắn (4–8)","Thường (>8)")) -> Ngắn (4–8) | Q17: =ROUND(O17/Tong_quan!$B$40,1) -> 1.1
A18: CS03-M1-005 | B18: M1 | C18: CS03 | D18: =IFERROR(INDEX(Case_study!$B$4:$B$15,MATCH(C18,Case_study!$A$4:$A$15,0)),"") -> Điều khiển xe | E18: bật điều hòa | F18: Lệnh | G18: Bật điều hòa 19 độ. | H18: Bật điều hòa mười chín độ. | I18: Việt | J18: số; đơn vị đo | K18: Bắc | L18: Bắc | M18: Bình thường | N18: E03; S51 | O18: =LEN(TRIM(H18))-LEN(SUBSTITUTE(TRIM(H18)," ",""))+1 -> 6 | P18: =IF(O18<=3,"Rất ngắn (≤3)",IF(O18<=8,"Ngắn (4–8)","Thường (>8)")) -> Ngắn (4–8) | Q18: =ROUND(O18/Tong_quan!$B$40,1) -> 1.3 | R18: Cần người bản ngữ vùng đó duyệt.
A19: CS03-M1-006 | B19: M1 | C19: CS03 | D19: =IFERROR(INDEX(Case_study!$B$4:$B$15,MATCH(C19,Case_study!$A$4:$A$15,0)),"") -> Điều khiển xe | E19: bật điều hòa | F19: Lệnh | G19: Bật máy lạnh 19 độ. | H19: Bật máy lạnh mười chín độ. | I19: Việt | J19: số; đơn vị đo | K19: Nam | L19: Nam | M19: Bình thường | N19: E03; S51 | O19: =LEN(TRIM(H19))-LEN(SUBSTITUTE(TRIM(H19)," ",""))+1 -> 6 | P19: =IF(O19<=3,"Rất ngắn (≤3)",IF(O19<=8,"Ngắn (4–8)","Thường (>8)")) -> Ngắn (4–8) | Q19: =ROUND(O19/Tong_quan!$B$40,1) -> 1.3 | R19: Cần người bản ngữ vùng đó duyệt.
A20: CS03-M1-007 | B20: M1 | C20: CS03 | D20: =IFERROR(INDEX(Case_study!$B$4:$B$15,MATCH(C20,Case_study!$A$4:$A$15,0)),"") -> Điều khiển xe | E20: bật điều hòa | F20: Câu cụt | G20: Bật air-con lên chút. | H20: Bật air-con lên chút. | I20: Việt + Anh | J20: từ mượn tiếng Anh | K20: Chuẩn chung | L20: Bất kỳ (xoay vòng) | M20: Bình thường | N20: S55; S23 | O20: =LEN(TRIM(H20))-LEN(SUBSTITUTE(TRIM(H20)," ",""))+1 -> 4 | P20: =IF(O20<=3,"Rất ngắn (≤3)",IF(O20<=8,"Ngắn (4–8)","Thường (>8)")) -> Ngắn (4–8) | Q20: =ROUND(O20/Tong_quan!$B$40,1) -> 0.9 | R20: Cách đọc 'air-con' cần thống nhất.
A21: CS03-M1-008 | B21: M1 | C21: CS03 | D21: =IFERROR(INDEX(Case_study!$B$4:$B$15,MATCH(C21,Case_study!$A$4:$A$15,0)),"") -> Điều khiển xe | E21: chỉnh quạt | F21: Lệnh | G21: Tăng quạt gió lên mức 3. | H21: Tăng quạt gió lên mức ba. | I21: Việt | J21: số | K21: Chuẩn chung | L21: Bất kỳ (xoay vòng) | M21: Bình thường | N21: E03; E02 | O21: =LEN(TRIM(H21))-LEN(SUBSTITUTE(TRIM(H21)," ",""))+1 -> 6 | P21: =IF(O21<=3,"Rất ngắn (≤3)",IF(O21<=8,"Ngắn (4–8)","Thường (>8)")) -> Ngắn (4–8) | Q21: =ROUND(O21/Tong_quan!$B$40,1) -> 1.3
A22: CS03-M1-009 | B22: M1 | C22: CS03 | D22: =IFERROR(INDEX(Case_study!$B$4:$B$15,MATCH(C22,Case_study!$A$4:$A$15,0)),"") -> Điều khiển xe | E22: mở cửa sổ trời | F22: Lệnh | G22: Mở cửa sổ trời. | H22: Mở cửa sổ trời. | I22: Việt | K22: Chuẩn chung | L22: Bất kỳ (xoay vòng) | M22: Bình thường | N22: E08 | O22: =LEN(TRIM(H22))-LEN(SUBSTITUTE(TRIM(H22)," ",""))+1 -> 4 | P22: =IF(O22<=3,"Rất ngắn (≤3)",IF(O22<=8,"Ngắn (4–8)","Thường (>8)")) -> Ngắn (4–8) | Q22: =ROUND(O22/Tong_quan!$B$40,1) -> 0.9
A23: CS04-M1-001 | B23: M1 | C23: CS04 | D23: =IFERROR(INDEX(Case_study!$B$4:$B$15,MATCH(C23,Case_study!$A$4:$A$15,0)),"") -> Giải trí (nhạc, radio) | E23: mở danh sách nhạc | F23: Lệnh | G23: Mở danh sách nhạc Chill cuối tuần. | H23: Mở danh sách nhạc Chill cuối tuần. | I23: Việt + Anh | J23: từ mượn tiếng Anh; tên riêng/địa danh | K23: Chuẩn chung | L23: Bất kỳ (xoay vòng) | M23: Bình thường | N23: E05; A07 | O23: =LEN(TRIM(H23))-LEN(SUBSTITUTE(TRIM(H23)," ",""))+1 -> 7 | P23: =IF(O23<=3,"Rất ngắn (≤3)",IF(O23<=8,"Ngắn (4–8)","Thường (>8)")) -> Ngắn (4–8) | Q23: =ROUND(O23/Tong_quan!$B$40,1) -> 1.6
A24: CS04-M1-002 | B24: M1 | C24: CS04 | D24: =IFERROR(INDEX(Case_study!$B$4:$B$15,MATCH(C24,Case_study!$A$4:$A$15,0)),"") -> Giải trí (nhạc, radio) | E24: chuyển kênh radio | F24: Lệnh | G24: Chuyển sang kênh VOV Giao thông, FM 91 MHz. | H24: Chuyển sang kênh V O V Giao thông, F M chín mươi mốt mê ga héc. | I24: Việt + Anh | J24: viết tắt; tần số/công suất; số | K24: Chuẩn chung | L24: Bất kỳ (xoay vòng) | M24: Bình thường | N24: E03; E07; E05 | O24: =LEN(TRIM(H24))-LEN(SUBSTITUTE(TRIM(H24)," ",""))+1 -> 16 | P24: =IF(O24<=3,"Rất ngắn (≤3)",IF(O24<=8,"Ngắn (4–8)","Thường (>8)")) -> Thường (>8) | Q24: =ROUND(O24/Tong_quan!$B$40,1) -> 3.6
A25: CS04-M1-003 | B25: M1 | C25: CS04 | D25: =IFERROR(INDEX(Case_study!$B$4:$B$15,MATCH(C25,Case_study!$A$4:$A$15,0)),"") -> Giải trí (nhạc, radio) | E25: chỉnh âm lượng | F25: Lệnh | G25: Tăng âm lượng lên 18. | H25: Tăng âm lượng lên mười tám. | I25: Việt | J25: số | K25: Chuẩn chung | L25: Bất kỳ (xoay vòng) | M25: Nói trong ồn (Lombard) | N25: E03; S24; A07 | O25: =LEN(TRIM(H25))-LEN(SUBSTITUTE(TRIM(H25)," ",""))+1 -> 6 | P25: =IF(O25<=3,"Rất ngắn (≤3)",IF(O25<=8,"Ngắn (4–8)","Thường (>8)")) -> Ngắn (4–8) | Q25: =ROUND(O25/Tong_quan!$B$40,1) -> 1.3
A26: CS04-M1-004 | B26: M1 | C26: CS04 | D26: =IFERROR(INDEX(Case_study!$B$4:$B$15,MATCH(C26,Case_study!$A$4:$A$15,0)),"") -> Giải trí (nhạc, radio) | E26: hỏi đang phát gì | F26: Câu hỏi | G26: Bài này ai hát vậy? | H26: Bài này ai hát vậy? | I26: Việt | K26: Nam | L26: Nam | M26: Bình thường | N26: S51; S33 | O26: =LEN(TRIM(H26))-LEN(SUBSTITUTE(TRIM(H26)," ",""))+1 -> 5 | P26: =IF(O26<=3,"Rất ngắn (≤3)",IF(O26<=8,"Ngắn (4–8)","Thường (>8)")) -> Ngắn (4–8) | Q26: =ROUND(O26/Tong_quan!$B$40,1) -> 1.1 | R26: Cần người bản ngữ vùng đó duyệt.
A27: CS04-M1-005 | B27: M1 | C27: CS04 | D27: =IFERROR(INDEX(Case_study!$B$4:$B$15,MATCH(C27,Case_study!$A$4:$A$15,0)),"") -> Giải trí (nhạc, radio) | E27: chuyển bài | F27: Lệnh | G27: Bật bài tiếp theo. | H27: Bật bài tiếp theo. | I27: Việt | K27: Chuẩn chung | L27: Bất kỳ (xoay vòng) | M27: Bình thường | N27: E08 | O27: =LEN(TRIM(H27))-LEN(SUBSTITUTE(TRIM(H27)," ",""))+1 -> 4 | P27: =IF(O27<=3,"Rất ngắn (≤3)",IF(O27<=8,"Ngắn (4–8)","Thường (>8)")) -> Ngắn (4–8) | Q27: =ROUND(O27/Tong_quan!$B$40,1) -> 0.9
A28: CS05-M1-001 | B28: M1 | C28: CS05 | D28: =IFERROR(INDEX(Case_study!$B$4:$B$15,MATCH(C28,Case_study!$A$4:$A$15,0)),"") -> Điện thoại và tin nhắn | E28: gọi tên | F28: Lệnh | G28: Gọi cho anh Minh. | H28: Gọi cho anh Minh. | I28: Việt | J28: tên riêng/địa danh | K28: Chuẩn chung | L28: Bất kỳ (xoay vòng) | M28: Bình thường | N28: E06; E04 | O28: =LEN(TRIM(H28))-LEN(SUBSTITUTE(TRIM(H28)," ",""))+1 -> 4 | P28: =IF(O28<=3,"Rất ngắn (≤3)",IF(O28<=8,"Ngắn (4–8)","Thường (>8)")) -> Ngắn (4–8) | Q28: =ROUND(O28/Tong_quan!$B$40,1) -> 0.9
A29: CS05-M1-002 | B29: M1 | C29: CS05 | D29: =IFERROR(INDEX(Case_study!$B$4:$B$15,MATCH(C29,Case_study!$A$4:$A$15,0)),"") -> Điện thoại và tin nhắn | E29: gọi mẹ | F29: Lệnh | G29: Gọi cho mạ. | H29: Gọi cho mạ. | I29: Việt | K29: Trung | L29: Trung | M29: Bình thường | N29: S52; S51 | O29: =LEN(TRIM(H29))-LEN(SUBSTITUTE(TRIM(H29)," ",""))+1 -> 3 | P29: =IF(O29<=3,"Rất ngắn (≤3)",IF(O29<=8,"Ngắn (4–8)","Thường (>8)")) -> Rất ngắn (≤3) | Q29: =ROUND(O29/Tong_quan!$B$40,1) -> 0.7 | R29: Chỉ ví dụ; Cần người bản ngữ vùng đó duyệt.
A30: CS05-M1-003 | B30: M1 | C30: CS05 | D30: =IFERROR(INDEX(Case_study!$B$4:$B$15,MATCH(C30,Case_study!$A$4:$A$15,0)),"") -> Điện thoại và tin nhắn | E30: gọi mẹ | F30: Lệnh | G30: Gọi cho má. | H30: Gọi cho má. | I30: Việt | K30: Nam | L30: Nam | M30: Bình thường | N30: S52; S51 | O30: =LEN(TRIM(H30))-LEN(SUBSTITUTE(TRIM(H30)," ",""))+1 -> 3 | P30: =IF(O30<=3,"Rất ngắn (≤3)",IF(O30<=8,"Ngắn (4–8)","Thường (>8)")) -> Rất ngắn (≤3) | Q30: =ROUND(O30/Tong_quan!$B$40,1) -> 0.7 | R30: Cần người bản ngữ vùng đó duyệt.
A31: CS05-M1-004 | B31: M1 | C31: CS05 | D31: =IFERROR(INDEX(Case_study!$B$4:$B$15,MATCH(C31,Case_study!$A$4:$A$15,0)),"") -> Điện thoại và tin nhắn | E31: gọi theo số | F31: Lệnh | G31: Gọi số 0912 345 678. | H31: Gọi số không chín một hai, ba bốn năm, sáu bảy tám. | I31: Việt | J31: số điện thoại; số | K31: Chuẩn chung | L31: Bất kỳ (xoay vòng) | M31: Vội / nói nhanh | N31: E03; S53; S34 | O31: =LEN(TRIM(H31))-LEN(SUBSTITUTE(TRIM(H31)," ",""))+1 -> 12 | P31: =IF(O31<=3,"Rất ngắn (≤3)",IF(O31<=8,"Ngắn (4–8)","Thường (>8)")) -> Thường (>8) | Q31: =ROUND(O31/Tong_quan!$B$40,1) -> 2.7
A32: CS05-M1-005 | B32: M1 | C32: CS05 | D32: =IFERROR(INDEX(Case_study!$B$4:$B$15,MATCH(C32,Case_study!$A$4:$A$15,0)),"") -> Điện thoại và tin nhắn | E32: đọc tin nhắn | F32: Lệnh | G32: Đọc tin nhắn mới. | H32: Đọc tin nhắn mới. | I32: Việt | K32: Chuẩn chung | L32: Bất kỳ (xoay vòng) | M32: Bình thường | N32: E08; A14 | O32: =LEN(TRIM(H32))-LEN(SUBSTITUTE(TRIM(H32)," ",""))+1 -> 4 | P32: =IF(O32<=3,"Rất ngắn (≤3)",IF(O32<=8,"Ngắn (4–8)","Thường (>8)")) -> Ngắn (4–8) | Q32: =ROUND(O32/Tong_quan!$B$40,1) -> 0.9
A33: CS05-M1-006 | B33: M1 | C33: CS05 | D33: =IFERROR(INDEX(Case_study!$B$4:$B$15,MATCH(C33,Case_study!$A$4:$A$15,0)),"") -> Điện thoại và tin nhắn | E33: trả lời tin nhắn | F33: Lệnh | G33: Trả lời tin nhắn là mình đến muộn 10 phút. | H33: Trả lời tin nhắn là mình đến muộn mười phút. | I33: Việt | J33: số | K33: Chuẩn chung | L33: Bất kỳ (xoay vòng) | M33: Bình thường | N33: E03; E06 | O33: =LEN(TRIM(H33))-LEN(SUBSTITUTE(TRIM(H33)," ",""))+1 -> 10 | P33: =IF(O33<=3,"Rất ngắn (≤3)",IF(O33<=8,"Ngắn (4–8)","Thường (>8)")) -> Thường (>8) | Q33: =ROUND(O33/Tong_quan!$B$40,1) -> 2.2
A34: CS06-M1-001 | B34: M1 | C34: CS06 | D34: =IFERROR(INDEX(Case_study!$B$4:$B$15,MATCH(C34,Case_study!$A$4:$A$15,0)),"") -> Trạng thái xe và bảo dưỡng | E34: hỏi áp suất lốp | F34: Câu hỏi | G34: Áp suất lốp trước bên phải bao nhiêu? | H34: Áp suất lốp trước bên phải bao nhiêu? | I34: Việt | K34: Chuẩn chung | L34: Bất kỳ (xoay vòng) | M34: Bình thường | N34: E07; E03 | O34: =LEN(TRIM(H34))-LEN(SUBSTITUTE(TRIM(H34)," ",""))+1 -> 8 | P34: =IF(O34<=3,"Rất ngắn (≤3)",IF(O34<=8,"Ngắn (4–8)","Thường (>8)")) -> Ngắn (4–8) | Q34: =ROUND(O34/Tong_quan!$B$40,1) -> 1.8
A35: CS06-M1-002 | B35: M1 | C35: CS06 | D35: =IFERROR(INDEX(Case_study!$B$4:$B$15,MATCH(C35,Case_study!$A$4:$A$15,0)),"") -> Trạng thái xe và bảo dưỡng | E35: hỏi nhiên liệu | F35: Câu hỏi | G35: Còn bao nhiêu xăng? | H35: Còn bao nhiêu xăng? | I35: Việt | K35: Chuẩn chung | L35: Bất kỳ (xoay vòng) | M35: Bình thường | N35: E08 | O35: =LEN(TRIM(H35))-LEN(SUBSTITUTE(TRIM(H35)," ",""))+1 -> 4 | P35: =IF(O35<=3,"Rất ngắn (≤3)",IF(O35<=8,"Ngắn (4–8)","Thường (>8)")) -> Ngắn (4–8) | Q35: =ROUND(O35/Tong_quan!$B$40,1) -> 0.9
A36: CS06-M1-003 | B36: M1 | C36: CS06 | D36: =IFERROR(INDEX(Case_study!$B$4:$B$15,MATCH(C36,Case_study!$A$4:$A$15,0)),"") -> Trạng thái xe và bảo dưỡng | E36: hỏi bảo dưỡng | F36: Câu hỏi | G36: Bao giờ phải bảo dưỡng? | H36: Bao giờ phải bảo dưỡng? | I36: Việt | K36: Bắc | L36: Bắc | M36: Bình thường | N36: S51 | O36: =LEN(TRIM(H36))-LEN(SUBSTITUTE(TRIM(H36)," ",""))+1 -> 5 | P36: =IF(O36<=3,"Rất ngắn (≤3)",IF(O36<=8,"Ngắn (4–8)","Thường (>8)")) -> Ngắn (4–8) | Q36: =ROUND(O36/Tong_quan!$B$40,1) -> 1.1 | R36: Cần người bản ngữ vùng đó duyệt.
A37: CS07-M1-001 | B37: M1 | C37: CS07 | D37: =IFERROR(INDEX(Case_study!$B$4:$B$15,MATCH(C37,Case_study!$A$4:$A$15,0)),"") -> Sạc xe điện và trạm nhiên liệu | E37: tìm trạm sạc | F37: Câu hỏi | G37: Trạm sạc gần nhất ở đâu? | H37: Trạm sạc gần nhất ở đâu? | I37: Việt | K37: Chuẩn chung | L37: Bất kỳ (xoay vòng) | M37: Bình thường | N37: E08 | O37: =LEN(TRIM(H37))-LEN(SUBSTITUTE(TRIM(H37)," ",""))+1 -> 6 | P37: =IF(O37<=3,"Rất ngắn (≤3)",IF(O37<=8,"Ngắn (4–8)","Thường (>8)")) -> Ngắn (4–8) | Q37: =ROUND(O37/Tong_quan!$B$40,1) -> 1.3
A38: CS07-M1-002 | B38: M1 | C38: CS07 | D38: =IFERROR(INDEX(Case_study!$B$4:$B$15,MATCH(C38,Case_study!$A$4:$A$15,0)),"") -> Sạc xe điện và trạm nhiên liệu | E38: thời gian sạc | F38: Câu hỏi | G38: Sạc từ 20% lên 80% mất bao lâu? | H38: Sạc từ hai mươi phần trăm lên tám mươi phần trăm mất bao lâu? | I38: Việt | J38: phần trăm; số | K38: Chuẩn chung | L38: Bất kỳ (xoay vòng) | M38: Bình thường | N38: E03; E07 | O38: =LEN(TRIM(H38))-LEN(SUBSTITUTE(TRIM(H38)," ",""))+1 -> 14 | P38: =IF(O38<=3,"Rất ngắn (≤3)",IF(O38<=8,"Ngắn (4–8)","Thường (>8)")) -> Thường (>8) | Q38: =ROUND(O38/Tong_quan!$B$40,1) -> 3.1
A39: CS07-M1-003 | B39: M1 | C39: CS07 | D39: =IFERROR(INDEX(Case_study!$B$4:$B$15,MATCH(C39,Case_study!$A$4:$A$15,0)),"") -> Sạc xe điện và trạm nhiên liệu | E39: chi phí sạc | F39: Câu hỏi | G39: Sạc đầy hết bao nhiêu tiền? | H39: Sạc đầy hết bao nhiêu tiền? | I39: Việt | K39: Chuẩn chung | L39: Bất kỳ (xoay vòng) | M39: Bình thường | N39: S53 | O39: =LEN(TRIM(H39))-LEN(SUBSTITUTE(TRIM(H39)," ",""))+1 -> 6 | P39: =IF(O39<=3,"Rất ngắn (≤3)",IF(O39<=8,"Ngắn (4–8)","Thường (>8)")) -> Ngắn (4–8) | Q39: =ROUND(O39/Tong_quan!$B$40,1) -> 1.3
A40: CS07-M1-004 | B40: M1 | C40: CS07 | D40: =IFERROR(INDEX(Case_study!$B$4:$B$15,MATCH(C40,Case_study!$A$4:$A$15,0)),"") -> Sạc xe điện và trạm nhiên liệu | E40: hỏi pin | F40: Câu hỏi | G40: Pin còn bao nhiêu phần trăm? | H40: Pin còn bao nhiêu phần trăm? | I40: Việt | J40: phần trăm | K40: Chuẩn chung | L40: Bất kỳ (xoay vòng) | M40: Bình thường | N40: E07 | O40: =LEN(TRIM(H40))-LEN(SUBSTITUTE(TRIM(H40)," ",""))+1 -> 6 | P40: =IF(O40<=3,"Rất ngắn (≤3)",IF(O40<=8,"Ngắn (4–8)","Thường (>8)")) -> Ngắn (4–8) | Q40: =ROUND(O40/Tong_quan!$B$40,1) -> 1.3
A41: CS08-M1-001 | B41: M1 | C41: CS08 | D41: =IFERROR(INDEX(Case_study!$B$4:$B$15,MATCH(C41,Case_study!$A$4:$A$15,0)),"") -> Giao thông và thời tiết | E41: hỏi thời tiết | F41: Câu hỏi | G41: Hôm nay Đà Nẵng có mưa không? | H41: Hôm nay Đà Nẵng có mưa không? | I41: Việt | J41: tên riêng/địa danh | K41: Chuẩn chung | L41: Trung | M41: Bình thường | N41: E04 | O41: =LEN(TRIM(H41))-LEN(SUBSTITUTE(TRIM(H41)," ",""))+1 -> 7 | P41: =IF(O41<=3,"Rất ngắn (≤3)",IF(O41<=8,"Ngắn (4–8)","Thường (>8)")) -> Ngắn (4–8) | Q41: =ROUND(O41/Tong_quan!$B$40,1) -> 1.6
A42: CS08-M1-002 | B42: M1 | C42: CS08 | D42: =IFERROR(INDEX(Case_study!$B$4:$B$15,MATCH(C42,Case_study!$A$4:$A$15,0)),"") -> Giao thông và thời tiết | E42: hỏi tắc đường | F42: Câu hỏi | G42: Phía trước có kẹt xe không? | H42: Phía trước có kẹt xe không? | I42: Việt | K42: Nam | L42: Nam | M42: Bình thường | N42: S51 | O42: =LEN(TRIM(H42))-LEN(SUBSTITUTE(TRIM(H42)," ",""))+1 -> 6 | P42: =IF(O42<=3,"Rất ngắn (≤3)",IF(O42<=8,"Ngắn (4–8)","Thường (>8)")) -> Ngắn (4–8) | Q42: =ROUND(O42/Tong_quan!$B$40,1) -> 1.3 | R42: Cần người bản ngữ vùng đó duyệt.
A43: CS08-M1-003 | B43: M1 | C43: CS08 | D43: =IFERROR(INDEX(Case_study!$B$4:$B$15,MATCH(C43,Case_study!$A$4:$A$15,0)),"") -> Giao thông và thời tiết | E43: hỏi tắc đường | F43: Câu hỏi | G43: Phía trước có tắc đường không? | H43: Phía trước có tắc đường không? | I43: Việt | K43: Bắc | L43: Bắc | M43: Bình thường | N43: S51 | O43: =LEN(TRIM(H43))-LEN(SUBSTITUTE(TRIM(H43)," ",""))+1 -> 6 | P43: =IF(O43<=3,"Rất ngắn (≤3)",IF(O43<=8,"Ngắn (4–8)","Thường (>8)")) -> Ngắn (4–8) | Q43: =ROUND(O43/Tong_quan!$B$40,1) -> 1.3 | R43: Cần người bản ngữ vùng đó duyệt.
A44: CS08-M1-004 | B44: M1 | C44: CS08 | D44: =IFERROR(INDEX(Case_study!$B$4:$B$15,MATCH(C44,Case_study!$A$4:$A$15,0)),"") -> Giao thông và thời tiết | E44: hỏi giờ đến | F44: Câu hỏi | G44: Mấy giờ thì tới nơi? | H44: Mấy giờ thì tới nơi? | I44: Việt | K44: Chuẩn chung | L44: Bất kỳ (xoay vòng) | M44: Bình thường | N44: D01 | O44: =LEN(TRIM(H44))-LEN(SUBSTITUTE(TRIM(H44)," ",""))+1 -> 5 | P44: =IF(O44<=3,"Rất ngắn (≤3)",IF(O44<=8,"Ngắn (4–8)","Thường (>8)")) -> Ngắn (4–8) | Q44: =ROUND(O44/Tong_quan!$B$40,1) -> 1.1
A45: CS09-M1-001 | B45: M1 | C45: CS09 | D45: =IFERROR(INDEX(Case_study!$B$4:$B$15,MATCH(C45,Case_study!$A$4:$A$15,0)),"") -> Khẩn cấp và cứu hộ | E45: gọi cấp cứu | F45: Lệnh | G45: Gọi cấp cứu 115. | H45: Gọi cấp cứu một một năm. | I45: Việt | J45: số | K45: Chuẩn chung | L45: Bất kỳ (xoay vòng) | M45: Căng thẳng / khẩn | N45: D03; S21; S23; S24 | O45: =LEN(TRIM(H45))-LEN(SUBSTITUTE(TRIM(H45)," ",""))+1 -> 6 | P45: =IF(O45<=3,"Rất ngắn (≤3)",IF(O45<=8,"Ngắn (4–8)","Thường (>8)")) -> Ngắn (4–8) | Q45: =ROUND(O45/Tong_quan!$B$40,1) -> 1.3 | R45: Số khẩn cấp đọc từng chữ số.
A46: CS09-M1-002 | B46: M1 | C46: CS09 | D46: =IFERROR(INDEX(Case_study!$B$4:$B$15,MATCH(C46,Case_study!$A$4:$A$15,0)),"") -> Khẩn cấp và cứu hộ | E46: nói tôi ổn | F46: Câu cụt | G46: Tôi ổn, không cần gọi. | H46: Tôi ổn, không cần gọi. | I46: Việt | K46: Chuẩn chung | L46: Bất kỳ (xoay vòng) | M46: Căng thẳng / khẩn | N46: D03; S23 | O46: =LEN(TRIM(H46))-LEN(SUBSTITUTE(TRIM(H46)," ",""))+1 -> 5 | P46: =IF(O46<=3,"Rất ngắn (≤3)",IF(O46<=8,"Ngắn (4–8)","Thường (>8)")) -> Ngắn (4–8) | Q46: =ROUND(O46/Tong_quan!$B$40,1) -> 1.1
A47: CS09-M1-003 | B47: M1 | C47: CS09 | D47: =IFERROR(INDEX(Case_study!$B$4:$B$15,MATCH(C47,Case_study!$A$4:$A$15,0)),"") -> Khẩn cấp và cứu hộ | E47: kêu cứu | F47: Kêu cứu | G47: Giúp tôi với! | H47: Giúp tôi với! | I47: Việt | K47: Chuẩn chung | L47: Bất kỳ (xoay vòng) | M47: Căng thẳng / khẩn | N47: D03; S21; S24 | O47: =LEN(TRIM(H47))-LEN(SUBSTITUTE(TRIM(H47)," ",""))+1 -> 3 | P47: =IF(O47<=3,"Rất ngắn (≤3)",IF(O47<=8,"Ngắn (4–8)","Thường (>8)")) -> Rất ngắn (≤3) | Q47: =ROUND(O47/Tong_quan!$B$40,1) -> 0.7
A48: CS09-M1-004 | B48: M1 | C48: CS09 | D48: =IFERROR(INDEX(Case_study!$B$4:$B$15,MATCH(C48,Case_study!$A$4:$A$15,0)),"") -> Khẩn cấp và cứu hộ | E48: gọi cứu hộ | F48: Lệnh | G48: Gọi cứu hộ giao thông. | H48: Gọi cứu hộ giao thông. | I48: Việt | K48: Chuẩn chung | L48: Bất kỳ (xoay vòng) | M48: Căng thẳng / khẩn | N48: D03; E08 | O48: =LEN(TRIM(H48))-LEN(SUBSTITUTE(TRIM(H48)," ",""))+1 -> 5 | P48: =IF(O48<=3,"Rất ngắn (≤3)",IF(O48<=8,"Ngắn (4–8)","Thường (>8)")) -> Ngắn (4–8) | Q48: =ROUND(O48/Tong_quan!$B$40,1) -> 1.1
A49: CS10-M1-001 | B49: M1 | C49: CS10 | D49: =IFERROR(INDEX(Case_study!$B$4:$B$15,MATCH(C49,Case_study!$A$4:$A$15,0)),"") -> Hội thoại và gợi ý chủ động | E49: nhắc việc | F49: Lệnh | G49: Nhắc tôi mua sữa khi đi ngang siêu thị. | H49: Nhắc tôi mua sữa khi đi ngang siêu thị. | I49: Việt | K49: Chuẩn chung | L49: Bất kỳ (xoay vòng) | M49: Bình thường | N49: E08; E06 | O49: =LEN(TRIM(H49))-LEN(SUBSTITUTE(TRIM(H49)," ",""))+1 -> 9 | P49: =IF(O49<=3,"Rất ngắn (≤3)",IF(O49<=8,"Ngắn (4–8)","Thường (>8)")) -> Thường (>8) | Q49: =ROUND(O49/Tong_quan!$B$40,1) -> 2
A50: CS10-M1-002 | B50: M1 | C50: CS10 | D50: =IFERROR(INDEX(Case_study!$B$4:$B$15,MATCH(C50,Case_study!$A$4:$A$15,0)),"") -> Hội thoại và gợi ý chủ động | E50: nhắc lịch | F50: Lệnh | G50: Nhắc tôi họp lúc 9 giờ sáng mai. | H50: Nhắc tôi họp lúc chín giờ sáng mai. | I50: Việt | J50: giờ/ngày/tháng/năm; số | K50: Chuẩn chung | L50: Bất kỳ (xoay vòng) | M50: Bình thường | N50: E03 | O50: =LEN(TRIM(H50))-LEN(SUBSTITUTE(TRIM(H50)," ",""))+1 -> 8 | P50: =IF(O50<=3,"Rất ngắn (≤3)",IF(O50<=8,"Ngắn (4–8)","Thường (>8)")) -> Ngắn (4–8) | Q50: =ROUND(O50/Tong_quan!$B$40,1) -> 1.8
A51: CS10-M1-003 | B51: M1 | C51: CS10 | D51: =IFERROR(INDEX(Case_study!$B$4:$B$15,MATCH(C51,Case_study!$A$4:$A$15,0)),"") -> Hội thoại và gợi ý chủ động | E51: hỏi quán gần đây | F51: Câu hỏi | G51: Gần đây có quán cà phê nào có chỗ đậu xe không? | H51: Gần đây có quán cà phê nào có chỗ đậu xe không? | I51: Việt | K51: Nam | L51: Nam | M51: Bình thường | N51: S51; E08 | O51: =LEN(TRIM(H51))-LEN(SUBSTITUTE(TRIM(H51)," ",""))+1 -> 12 | P51: =IF(O51<=3,"Rất ngắn (≤3)",IF(O51<=8,"Ngắn (4–8)","Thường (>8)")) -> Thường (>8) | Q51: =ROUND(O51/Tong_quan!$B$40,1) -> 2.7 | R51: Cần người bản ngữ vùng đó duyệt.
A52: CS10-M1-004 | B52: M1 | C52: CS10 | D52: =IFERROR(INDEX(Case_study!$B$4:$B$15,MATCH(C52,Case_study!$A$4:$A$15,0)),"") -> Hội thoại và gợi ý chủ động | E52: hỏi quán gần đây | F52: Câu hỏi | G52: Gần đây có quán cà phê nào có chỗ đỗ xe không? | H52: Gần đây có quán cà phê nào có chỗ đỗ xe không? | I52: Việt | K52: Bắc | L52: Bắc | M52: Bình thường | N52: S51; E08 | O52: =LEN(TRIM(H52))-LEN(SUBSTITUTE(TRIM(H52)," ",""))+1 -> 12 | P52: =IF(O52<=3,"Rất ngắn (≤3)",IF(O52<=8,"Ngắn (4–8)","Thường (>8)")) -> Thường (>8) | Q52: =ROUND(O52/Tong_quan!$B$40,1) -> 2.7 | R52: Cần người bản ngữ vùng đó duyệt.
A53: CS10-M1-005 | B53: M1 | C53: CS10 | D53: =IFERROR(INDEX(Case_study!$B$4:$B$15,MATCH(C53,Case_study!$A$4:$A$15,0)),"") -> Hội thoại và gợi ý chủ động | E53: cảm ơn | F53: Câu cụt | G53: Ok, cảm ơn. | H53: Ô kê, cảm ơn. | I53: Việt + Anh | J53: từ mượn tiếng Anh | K53: Chuẩn chung | L53: Bất kỳ (xoay vòng) | M53: Bình thường | N53: S55; S23; E08 | O53: =LEN(TRIM(H53))-LEN(SUBSTITUTE(TRIM(H53)," ",""))+1 -> 4 | P53: =IF(O53<=3,"Rất ngắn (≤3)",IF(O53<=8,"Ngắn (4–8)","Thường (>8)")) -> Ngắn (4–8) | Q53: =ROUND(O53/Tong_quan!$B$40,1) -> 0.9
A54: CS11-M1-001 | B54: M1 | C54: CS11 | D54: =IFERROR(INDEX(Case_study!$B$4:$B$15,MATCH(C54,Case_study!$A$4:$A$15,0)),"") -> Hành khách và trẻ em | E54: trẻ nhờ mở nhạc | F54: Lệnh | G54: Con muốn nghe nhạc. | H54: Con muốn nghe nhạc. | I54: Việt | K54: Chuẩn chung | L54: Bất kỳ (xoay vòng) | M54: Trẻ em | N54: S12; A14 | O54: =LEN(TRIM(H54))-LEN(SUBSTITUTE(TRIM(H54)," ",""))+1 -> 4 | P54: =IF(O54<=3,"Rất ngắn (≤3)",IF(O54<=8,"Ngắn (4–8)","Thường (>8)")) -> Ngắn (4–8) | Q54: =ROUND(O54/Tong_quan!$B$40,1) -> 0.9 | R54: Cần nguồn giọng trẻ em thật có đồng ý; không tạo từ giọng người lớn.
A55: CS11-M1-002 | B55: M1 | C55: CS11 | D55: =IFERROR(INDEX(Case_study!$B$4:$B$15,MATCH(C55,Case_study!$A$4:$A$15,0)),"") -> Hành khách và trẻ em | E55: mở nhạc cho bé | F55: Lệnh | G55: Bật nhạc thiếu nhi cho bé nghe. | H55: Bật nhạc thiếu nhi cho bé nghe. | I55: Việt | K55: Chuẩn chung | L55: Bất kỳ (xoay vòng) | M55: Bình thường | N55: E06; A14 | O55: =LEN(TRIM(H55))-LEN(SUBSTITUTE(TRIM(H55)," ",""))+1 -> 7 | P55: =IF(O55<=3,"Rất ngắn (≤3)",IF(O55<=8,"Ngắn (4–8)","Thường (>8)")) -> Ngắn (4–8) | Q55: =ROUND(O55/Tong_quan!$B$40,1) -> 1.6
A56: CS11-M1-003 | B56: M1 | C56: CS11 | D56: =IFERROR(INDEX(Case_study!$B$4:$B$15,MATCH(C56,Case_study!$A$4:$A$15,0)),"") -> Hành khách và trẻ em | E56: tắt loa sau | F56: Lệnh | G56: Tắt loa phía sau. | H56: Tắt loa phía sau. | I56: Việt | K56: Chuẩn chung | L56: Bất kỳ (xoay vòng) | M56: Bình thường | N56: E08 | O56: =LEN(TRIM(H56))-LEN(SUBSTITUTE(TRIM(H56)," ",""))+1 -> 4 | P56: =IF(O56<=3,"Rất ngắn (≤3)",IF(O56<=8,"Ngắn (4–8)","Thường (>8)")) -> Ngắn (4–8) | Q56: =ROUND(O56/Tong_quan!$B$40,1) -> 0.9
A57: CS12-M2-001 | B57: M2 | C57: CS12 | D57: =IFERROR(INDEX(Case_study!$B$4:$B$15,MATCH(C57,Case_study!$A$4:$A$15,0)),"") -> Lỗi, làm rõ và ngoại tuyến | E57: nói lại | F57: Trả lời ngắn | G57: Nói lại đi. | H57: Nói lại đi. | I57: Việt | K57: Chuẩn chung | L57: Bất kỳ (xoay vòng) | M57: Bình thường | N57: E08; S33 | O57: =LEN(TRIM(H57))-LEN(SUBSTITUTE(TRIM(H57)," ",""))+1 -> 3 | P57: =IF(O57<=3,"Rất ngắn (≤3)",IF(O57<=8,"Ngắn (4–8)","Thường (>8)")) -> Rất ngắn (≤3) | Q57: =ROUND(O57/Tong_quan!$B$40,1) -> 0.7
A58: CS12-M2-002 | B58: M2 | C58: CS12 | D58: =IFERROR(INDEX(Case_study!$B$4:$B$15,MATCH(C58,Case_study!$A$4:$A$15,0)),"") -> Lỗi, làm rõ và ngoại tuyến | E58: sửa lệnh | F58: Câu cụt | G58: Không phải, ý tôi là gọi anh Hùng Trần. | H58: Không phải, ý tôi là gọi anh Hùng Trần. | I58: Việt | J58: tên riêng/địa danh | K58: Chuẩn chung | L58: Bất kỳ (xoay vòng) | M58: Bình thường | N58: S23; E06; S34 | O58: =LEN(TRIM(H58))-LEN(SUBSTITUTE(TRIM(H58)," ",""))+1 -> 9 | P58: =IF(O58<=3,"Rất ngắn (≤3)",IF(O58<=8,"Ngắn (4–8)","Thường (>8)")) -> Thường (>8) | Q58: =ROUND(O58/Tong_quan!$B$40,1) -> 2
A59: CS12-M2-003 | B59: M2 | C59: CS12 | D59: =IFERROR(INDEX(Case_study!$B$4:$B$15,MATCH(C59,Case_study!$A$4:$A$15,0)),"") -> Lỗi, làm rõ và ngoại tuyến | E59: chọn | F59: Trả lời ngắn | G59: Cái thứ hai. | H59: Cái thứ hai. | I59: Việt | K59: Chuẩn chung | L59: Bất kỳ (xoay vòng) | M59: Bình thường | N59: E08; S33 | O59: =LEN(TRIM(H59))-LEN(SUBSTITUTE(TRIM(H59)," ",""))+1 -> 3 | P59: =IF(O59<=3,"Rất ngắn (≤3)",IF(O59<=8,"Ngắn (4–8)","Thường (>8)")) -> Rất ngắn (≤3) | Q59: =ROUND(O59/Tong_quan!$B$40,1) -> 0.7
A60: CS12-M2-004 | B60: M2 | C60: CS12 | D60: =IFERROR(INDEX(Case_study!$B$4:$B$15,MATCH(C60,Case_study!$A$4:$A$15,0)),"") -> Lỗi, làm rõ và ngoại tuyến | E60: chọn | F60: Trả lời ngắn | G60: Cái thứ nhất. | H60: Cái thứ nhất. | I60: Việt | K60: Chuẩn chung | L60: Bất kỳ (xoay vòng) | M60: Bình thường | N60: E08 | O60: =LEN(TRIM(H60))-LEN(SUBSTITUTE(TRIM(H60)," ",""))+1 -> 3 | P60: =IF(O60<=3,"Rất ngắn (≤3)",IF(O60<=8,"Ngắn (4–8)","Thường (>8)")) -> Rất ngắn (≤3) | Q60: =ROUND(O60/Tong_quan!$B$40,1) -> 0.7
A61: CS12-M2-005 | B61: M2 | C61: CS12 | D61: =IFERROR(INDEX(Case_study!$B$4:$B$15,MATCH(C61,Case_study!$A$4:$A$15,0)),"") -> Lỗi, làm rõ và ngoại tuyến | E61: xác nhận | F61: Trả lời ngắn | G61: Có. | H61: Có. | I61: Việt | K61: Chuẩn chung | L61: Bất kỳ (xoay vòng) | M61: Bình thường | N61: E08; S33 | O61: =LEN(TRIM(H61))-LEN(SUBSTITUTE(TRIM(H61)," ",""))+1 -> 1 | P61: =IF(O61<=3,"Rất ngắn (≤3)",IF(O61<=8,"Ngắn (4–8)","Thường (>8)")) -> Rất ngắn (≤3) | Q61: =ROUND(O61/Tong_quan!$B$40,1) -> 0.2
A62: CS12-M2-006 | B62: M2 | C62: CS12 | D62: =IFERROR(INDEX(Case_study!$B$4:$B$15,MATCH(C62,Case_study!$A$4:$A$15,0)),"") -> Lỗi, làm rõ và ngoại tuyến | E62: từ chối | F62: Trả lời ngắn | G62: Không. | H62: Không. | I62: Việt | K62: Chuẩn chung | L62: Bất kỳ (xoay vòng) | M62: Bình thường | N62: E08; S33 | O62: =LEN(TRIM(H62))-LEN(SUBSTITUTE(TRIM(H62)," ",""))+1 -> 1 | P62: =IF(O62<=3,"Rất ngắn (≤3)",IF(O62<=8,"Ngắn (4–8)","Thường (>8)")) -> Rất ngắn (≤3) | Q62: =ROUND(O62/Tong_quan!$B$40,1) -> 0.2
A63: CS12-M2-007 | B63: M2 | C63: CS12 | D63: =IFERROR(INDEX(Case_study!$B$4:$B$15,MATCH(C63,Case_study!$A$4:$A$15,0)),"") -> Lỗi, làm rõ và ngoại tuyến | E63: xác nhận | F63: Trả lời ngắn | G63: Đúng rồi. | H63: Đúng rồi. | I63: Việt | K63: Chuẩn chung | L63: Bất kỳ (xoay vòng) | M63: Bình thường | N63: E08 | O63: =LEN(TRIM(H63))-LEN(SUBSTITUTE(TRIM(H63)," ",""))+1 -> 2 | P63: =IF(O63<=3,"Rất ngắn (≤3)",IF(O63<=8,"Ngắn (4–8)","Thường (>8)")) -> Rất ngắn (≤3) | Q63: =ROUND(O63/Tong_quan!$B$40,1) -> 0.4
A64: CS12-M2-008 | B64: M2 | C64: CS12 | D64: =IFERROR(INDEX(Case_study!$B$4:$B$15,MATCH(C64,Case_study!$A$4:$A$15,0)),"") -> Lỗi, làm rõ và ngoại tuyến | E64: xác nhận lịch sự | F64: Trả lời ngắn | G64: Vâng, đồng ý. | H64: Vâng, đồng ý. | I64: Việt | K64: Bắc | L64: Bắc | M64: Bình thường | N64: S52; E08 | O64: =LEN(TRIM(H64))-LEN(SUBSTITUTE(TRIM(H64)," ",""))+1 -> 3 | P64: =IF(O64<=3,"Rất ngắn (≤3)",IF(O64<=8,"Ngắn (4–8)","Thường (>8)")) -> Rất ngắn (≤3) | Q64: =ROUND(O64/Tong_quan!$B$40,1) -> 0.7 | R64: Cần người bản ngữ vùng đó duyệt.
A65: CS12-M2-009 | B65: M2 | C65: CS12 | D65: =IFERROR(INDEX(Case_study!$B$4:$B$15,MATCH(C65,Case_study!$A$4:$A$15,0)),"") -> Lỗi, làm rõ và ngoại tuyến | E65: xác nhận lịch sự | F65: Trả lời ngắn | G65: Dạ, có. | H65: Dạ, có. | I65: Việt | K65: Nam | L65: Nam | M65: Bình thường | N65: S52; E08 | O65: =LEN(TRIM(H65))-LEN(SUBSTITUTE(TRIM(H65)," ",""))+1 -> 2 | P65: =IF(O65<=3,"Rất ngắn (≤3)",IF(O65<=8,"Ngắn (4–8)","Thường (>8)")) -> Rất ngắn (≤3) | Q65: =ROUND(O65/Tong_quan!$B$40,1) -> 0.4 | R65: Cần người bản ngữ vùng đó duyệt.
A66: CS12-M2-010 | B66: M2 | C66: CS12 | D66: =IFERROR(INDEX(Case_study!$B$4:$B$15,MATCH(C66,Case_study!$A$4:$A$15,0)),"") -> Lỗi, làm rõ và ngoại tuyến | E66: hủy | F66: Trả lời ngắn | G66: Hủy. | H66: Hủy. | I66: Việt | K66: Chuẩn chung | L66: Bất kỳ (xoay vòng) | M66: Bình thường | N66: E08 | O66: =LEN(TRIM(H66))-LEN(SUBSTITUTE(TRIM(H66)," ",""))+1 -> 1 | P66: =IF(O66<=3,"Rất ngắn (≤3)",IF(O66<=8,"Ngắn (4–8)","Thường (>8)")) -> Rất ngắn (≤3) | Q66: =ROUND(O66/Tong_quan!$B$40,1) -> 0.2
A67: CS12-M2-011 | B67: M2 | C67: CS12 | D67: =IFERROR(INDEX(Case_study!$B$4:$B$15,MATCH(C67,Case_study!$A$4:$A$15,0)),"") -> Lỗi, làm rõ và ngoại tuyến | E67: chọn số | F67: Trả lời ngắn | G67: Hai. | H67: Hai. | I67: Việt | J67: số | K67: Chuẩn chung | L67: Bất kỳ (xoay vòng) | M67: Bình thường | N67: E03; E08 | O67: =LEN(TRIM(H67))-LEN(SUBSTITUTE(TRIM(H67)," ",""))+1 -> 1 | P67: =IF(O67<=3,"Rất ngắn (≤3)",IF(O67<=8,"Ngắn (4–8)","Thường (>8)")) -> Rất ngắn (≤3) | Q67: =ROUND(O67/Tong_quan!$B$40,1) -> 0.2
A68: CS12-M2-012 | B68: M2 | C68: CS12 | D68: =IFERROR(INDEX(Case_study!$B$4:$B$15,MATCH(C68,Case_study!$A$4:$A$15,0)),"") -> Lỗi, làm rõ và ngoại tuyến | E68: trả lời giờ | F68: Trả lời ngắn | G68: Chín giờ. | H68: Chín giờ. | I68: Việt | J68: giờ/ngày/tháng/năm | K68: Chuẩn chung | L68: Bất kỳ (xoay vòng) | M68: Bình thường | N68: E03; E08 | O68: =LEN(TRIM(H68))-LEN(SUBSTITUTE(TRIM(H68)," ",""))+1 -> 2 | P68: =IF(O68<=3,"Rất ngắn (≤3)",IF(O68<=8,"Ngắn (4–8)","Thường (>8)")) -> Rất ngắn (≤3) | Q68: =ROUND(O68/Tong_quan!$B$40,1) -> 0.4
A69: CS03-M4-001 | B69: M4 | C69: CS03 | D69: =IFERROR(INDEX(Case_study!$B$4:$B$15,MATCH(C69,Case_study!$A$4:$A$15,0)),"") -> Điều khiển xe | E69: rất ngắn | F69: Lệnh | G69: Mở cửa. | H69: Mở cửa. | I69: Việt | K69: Chuẩn chung | L69: Bất kỳ (xoay vòng) | M69: Bình thường | N69: E08 | O69: =LEN(TRIM(H69))-LEN(SUBSTITUTE(TRIM(H69)," ",""))+1 -> 2 | P69: =IF(O69<=3,"Rất ngắn (≤3)",IF(O69<=8,"Ngắn (4–8)","Thường (>8)")) -> Rất ngắn (≤3) | Q69: =ROUND(O69/Tong_quan!$B$40,1) -> 0.4 | R69: Thử câu 2 âm tiết.
A70: CS01-M4-001 | B70: M4 | C70: CS01 | D70: =IFERROR(INDEX(Case_study!$B$4:$B$15,MATCH(C70,Case_study!$A$4:$A$15,0)),"") -> Dẫn đường | E70: rất ngắn | F70: Lệnh | G70: Rẽ phải. | H70: Rẽ phải. | I70: Việt | K70: Bắc | L70: Bắc | M70: Bình thường | N70: E08; S51 | O70: =LEN(TRIM(H70))-LEN(SUBSTITUTE(TRIM(H70)," ",""))+1 -> 2 | P70: =IF(O70<=3,"Rất ngắn (≤3)",IF(O70<=8,"Ngắn (4–8)","Thường (>8)")) -> Rất ngắn (≤3) | Q70: =ROUND(O70/Tong_quan!$B$40,1) -> 0.4
A71: CS12-M4-001 | B71: M4 | C71: CS12 | D71: =IFERROR(INDEX(Case_study!$B$4:$B$15,MATCH(C71,Case_study!$A$4:$A$15,0)),"") -> Lỗi, làm rõ và ngoại tuyến | E71: rất ngắn | F71: Trả lời ngắn | G71: Dừng. | H71: Dừng. | I71: Việt | K71: Chuẩn chung | L71: Bất kỳ (xoay vòng) | M71: Bình thường | N71: E08 | O71: =LEN(TRIM(H71))-LEN(SUBSTITUTE(TRIM(H71)," ",""))+1 -> 1 | P71: =IF(O71<=3,"Rất ngắn (≤3)",IF(O71<=8,"Ngắn (4–8)","Thường (>8)")) -> Rất ngắn (≤3) | Q71: =ROUND(O71/Tong_quan!$B$40,1) -> 0.2 | R71: Thử câu 1 âm tiết.
A72: CS05-M4-001 | B72: M4 | C72: CS05 | D72: =IFERROR(INDEX(Case_study!$B$4:$B$15,MATCH(C72,Case_study!$A$4:$A$15,0)),"") -> Điện thoại và tin nhắn | E72: dãy số | F72: Lệnh | G72: Gọi số 0903 456 789. | H72: Gọi số không chín không ba, bốn năm sáu, bảy tám chín. | I72: Việt | J72: số điện thoại; số | K72: Chuẩn chung | L72: Bất kỳ (xoay vòng) | M72: Bình thường | N72: E03 | O72: =LEN(TRIM(H72))-LEN(SUBSTITUTE(TRIM(H72)," ",""))+1 -> 12 | P72: =IF(O72<=3,"Rất ngắn (≤3)",IF(O72<=8,"Ngắn (4–8)","Thường (>8)")) -> Thường (>8) | Q72: =ROUND(O72/Tong_quan!$B$40,1) -> 2.7
A73: CS10-M4-001 | B73: M4 | C73: CS10 | D73: =IFERROR(INDEX(Case_study!$B$4:$B$15,MATCH(C73,Case_study!$A$4:$A$15,0)),"") -> Hội thoại và gợi ý chủ động | E73: thanh hỏi và ngã | F73: Câu hỏi | G73: Anh ấy nghỉ rồi. | H73: Anh ấy nghỉ rồi. | I73: Việt | K73: Chuẩn chung | L73: Bất kỳ (xoay vòng) | M73: Bình thường | N73: E02; S43 | O73: =LEN(TRIM(H73))-LEN(SUBSTITUTE(TRIM(H73)," ",""))+1 -> 4 | P73: =IF(O73<=3,"Rất ngắn (≤3)",IF(O73<=8,"Ngắn (4–8)","Thường (>8)")) -> Ngắn (4–8) | Q73: =ROUND(O73/Tong_quan!$B$40,1) -> 0.9 | R73: Cặp tối thiểu với dòng kế tiếp (nghỉ / nghĩ).
A74: CS10-M4-002 | B74: M4 | C74: CS10 | D74: =IFERROR(INDEX(Case_study!$B$4:$B$15,MATCH(C74,Case_study!$A$4:$A$15,0)),"") -> Hội thoại và gợi ý chủ động | E74: thanh hỏi và ngã | F74: Câu hỏi | G74: Anh ấy nghĩ rồi. | H74: Anh ấy nghĩ rồi. | I74: Việt | K74: Chuẩn chung | L74: Bất kỳ (xoay vòng) | M74: Bình thường | N74: E02; S43 | O74: =LEN(TRIM(H74))-LEN(SUBSTITUTE(TRIM(H74)," ",""))+1 -> 4 | P74: =IF(O74<=3,"Rất ngắn (≤3)",IF(O74<=8,"Ngắn (4–8)","Thường (>8)")) -> Ngắn (4–8) | Q74: =ROUND(O74/Tong_quan!$B$40,1) -> 0.9 | R74: Cặp tối thiểu với dòng trước.
A75: CS08-M4-001 | B75: M4 | C75: CS08 | D75: =IFERROR(INDEX(Case_study!$B$4:$B$15,MATCH(C75,Case_study!$A$4:$A$15,0)),"") -> Giao thông và thời tiết | E75: thanh hỏi và ngã | F75: Câu hỏi | G75: Bão sắp tới, tôi đã bảo anh rồi. | H75: Bão sắp tới, tôi đã bảo anh rồi. | I75: Việt | K75: Chuẩn chung | L75: Bất kỳ (xoay vòng) | M75: Bình thường | N75: E02; S43 | O75: =LEN(TRIM(H75))-LEN(SUBSTITUTE(TRIM(H75)," ",""))+1 -> 8 | P75: =IF(O75<=3,"Rất ngắn (≤3)",IF(O75<=8,"Ngắn (4–8)","Thường (>8)")) -> Ngắn (4–8) | Q75: =ROUND(O75/Tong_quan!$B$40,1) -> 1.8 | R75: Có cả bão (ngã) và bảo (hỏi) trong một câu.
A76: CS07-M4-001 | B76: M4 | C76: CS07 | D76: =IFERROR(INDEX(Case_study!$B$4:$B$15,MATCH(C76,Case_study!$A$4:$A$15,0)),"") -> Sạc xe điện và trạm nhiên liệu | E76: cách đọc số theo vùng | F76: Câu hỏi | G76: Số 105 có đúng không? | H76: Số một trăm linh năm có đúng không? | I76: Việt | J76: số | K76: Bắc | L76: Bắc | M76: Bình thường | N76: S53; E03 | O76: =LEN(TRIM(H76))-LEN(SUBSTITUTE(TRIM(H76)," ",""))+1 -> 8 | P76: =IF(O76<=3,"Rất ngắn (≤3)",IF(O76<=8,"Ngắn (4–8)","Thường (>8)")) -> Ngắn (4–8) | Q76: =ROUND(O76/Tong_quan!$B$40,1) -> 1.8 | R76: Cần người bản ngữ vùng đó duyệt.
A77: CS07-M4-002 | B77: M4 | C77: CS07 | D77: =IFERROR(INDEX(Case_study!$B$4:$B$15,MATCH(C77,Case_study!$A$4:$A$15,0)),"") -> Sạc xe điện và trạm nhiên liệu | E77: cách đọc số theo vùng | F77: Câu hỏi | G77: Số 105 có đúng không? | H77: Số một trăm lẻ năm có đúng không? | I77: Việt | J77: số | K77: Nam | L77: Nam | M77: Bình thường | N77: S53; E03 | O77: =LEN(TRIM(H77))-LEN(SUBSTITUTE(TRIM(H77)," ",""))+1 -> 8 | P77: =IF(O77<=3,"Rất ngắn (≤3)",IF(O77<=8,"Ngắn (4–8)","Thường (>8)")) -> Ngắn (4–8) | Q77: =ROUND(O77/Tong_quan!$B$40,1) -> 1.8 | R77: Cần người bản ngữ vùng đó duyệt.
A78: CS07-M4-003 | B78: M4 | C78: CS07 | D78: =IFERROR(INDEX(Case_study!$B$4:$B$15,MATCH(C78,Case_study!$A$4:$A$15,0)),"") -> Sạc xe điện và trạm nhiên liệu | E78: cách đọc tiền theo vùng | F78: Câu hỏi | G78: Giá 1.200 đồng đúng không? | H78: Giá một nghìn hai trăm đồng đúng không? | I78: Việt | J78: tiền VND; số | K78: Bắc | L78: Bắc | M78: Bình thường | N78: S53; E03 | O78: =LEN(TRIM(H78))-LEN(SUBSTITUTE(TRIM(H78)," ",""))+1 -> 8 | P78: =IF(O78<=3,"Rất ngắn (≤3)",IF(O78<=8,"Ngắn (4–8)","Thường (>8)")) -> Ngắn (4–8) | Q78: =ROUND(O78/Tong_quan!$B$40,1) -> 1.8 | R78: Cần người bản ngữ vùng đó duyệt.
A79: CS07-M4-004 | B79: M4 | C79: CS07 | D79: =IFERROR(INDEX(Case_study!$B$4:$B$15,MATCH(C79,Case_study!$A$4:$A$15,0)),"") -> Sạc xe điện và trạm nhiên liệu | E79: cách đọc tiền theo vùng | F79: Câu hỏi | G79: Giá 1.200 đồng đúng không? | H79: Giá một ngàn hai trăm đồng đúng không? | I79: Việt | J79: tiền VND; số | K79: Nam | L79: Nam | M79: Bình thường | N79: S53; E03 | O79: =LEN(TRIM(H79))-LEN(SUBSTITUTE(TRIM(H79)," ",""))+1 -> 8 | P79: =IF(O79<=3,"Rất ngắn (≤3)",IF(O79<=8,"Ngắn (4–8)","Thường (>8)")) -> Ngắn (4–8) | Q79: =ROUND(O79/Tong_quan!$B$40,1) -> 1.8 | R79: Cần người bản ngữ vùng đó duyệt.
A80: CS01-M4-002 | B80: M4 | C80: CS01 | D80: =IFERROR(INDEX(Case_study!$B$4:$B$15,MATCH(C80,Case_study!$A$4:$A$15,0)),"") -> Dẫn đường | E80: tên đường dài | F80: Lệnh | G80: Dẫn đường đến phố Nguyễn Thị Minh Khai. | H80: Dẫn đường đến phố Nguyễn Thị Minh Khai. | I80: Việt | J80: tên riêng/địa danh | K80: Chuẩn chung | L80: Bất kỳ (xoay vòng) | M80: Bình thường | N80: E04; S44 | O80: =LEN(TRIM(H80))-LEN(SUBSTITUTE(TRIM(H80)," ",""))+1 -> 8 | P80: =IF(O80<=3,"Rất ngắn (≤3)",IF(O80<=8,"Ngắn (4–8)","Thường (>8)")) -> Ngắn (4–8) | Q80: =ROUND(O80/Tong_quan!$B$40,1) -> 1.8
A81: CS08-M4-002 | B81: M4 | C81: CS08 | D81: =IFERROR(INDEX(Case_study!$B$4:$B$15,MATCH(C81,Case_study!$A$4:$A$15,0)),"") -> Giao thông và thời tiết | E81: từ vùng miền Trung | F81: Câu hỏi | G81: Phía trước kẹt xe, rứa có đi đường khác không? | H81: Phía trước kẹt xe, rứa có đi đường khác không? | I81: Việt | K81: Trung | L81: Trung | M81: Bình thường | N81: S51; S43 | O81: =LEN(TRIM(H81))-LEN(SUBSTITUTE(TRIM(H81)," ",""))+1 -> 10 | P81: =IF(O81<=3,"Rất ngắn (≤3)",IF(O81<=8,"Ngắn (4–8)","Thường (>8)")) -> Thường (>8) | Q81: =ROUND(O81/Tong_quan!$B$40,1) -> 2.2 | R81: Chỉ ví dụ 'rứa'; cần người bản ngữ Trung Bộ bổ sung thêm từ.
A82: CS03-M4-002 | B82: M4 | C82: CS03 | D82: =IFERROR(INDEX(Case_study!$B$4:$B$15,MATCH(C82,Case_study!$A$4:$A$15,0)),"") -> Điều khiển xe | E82: chuyển mã | F82: Lệnh | G82: Bật air-con lên mười chín độ. | H82: Bật air-con lên mười chín độ. | I82: Việt + Anh | J82: từ mượn tiếng Anh; số | K82: Chuẩn chung | L82: Bất kỳ (xoay vòng) | M82: Bình thường | N82: S55; E05 | O82: =LEN(TRIM(H82))-LEN(SUBSTITUTE(TRIM(H82)," ",""))+1 -> 6 | P82: =IF(O82<=3,"Rất ngắn (≤3)",IF(O82<=8,"Ngắn (4–8)","Thường (>8)")) -> Ngắn (4–8) | Q82: =ROUND(O82/Tong_quan!$B$40,1) -> 1.3

Sheet Chi_tieu
A1: Chỉ tiêu số lượng
A2: Ô chữ xanh nền vàng là tham số sửa được; ô xanh lá là kết quả tự tính. Các số khởi đầu là đề xuất của mình theo bài báo đã đọc, chưa kiểm cho tiếng Việt.
A4: Tham số | B4: Giá trị | C4: Nguồn hoặc lý do
A5: Tổng số người nói clone | B5: 60 | C5: Versatile TTS và Ogun et al.: khoảng 50–100 người nói là đủ.
A6: Tỷ lệ giọng Bắc | B6: 0.3 | C6: Tự chọn.
A7: Tỷ lệ giọng Trung | B7: 0.4 | C7: Nhiều hơn vì ViMD cho thấy giọng Trung khó nhất (WER 17,15%) và không phải một giọng; tự chọn.
A8: Tỷ lệ giọng Nam | B8: 0.3 | C8: Tự chọn.
A9: Kiểm tra tổng tỷ lệ vùng | B9: =SUM(B6:B8) -> 1 | C9: =IF(ROUND(B9,6)=1,"OK","Tổng khác 100%") -> OK
A10: Tỷ lệ giọng nữ | B10: 0.5 | C10: Cân bằng giới; tự chọn.
A11: Số câu khác nhau tối thiểu (M1 + M2) | B11: 10000 | C11: Versatile TTS (Mân Nam): dưới khoảng 10.000 câu thì CER tăng rõ.
A12: Số lần đọc mỗi câu (khác giọng hoặc khác nền ồn) | B12: 5 | C12: Tự chọn; tăng để có thêm giờ mà không cần thêm câu, nhưng đa dạng câu quan trọng hơn.
A13: Thời lượng trung bình mỗi câu (giây) | B13: 3.5 | C13: ="Trung bình các câu trong Mau_cau: "&TEXT(AVERAGE(Mau_cau!$Q$4:$Q$300),"0.0")&" giây (câu mẫu ngắn hơn câu thật nhiều nên chỉnh theo dữ liệu thật)." -> Trung bình các câu trong Mau_cau: 1.3 giây (câu mẫu ngắn hơn câu thật nhiều nên chỉnh theo dữ liệu thật).
A14: Tỷ lệ M3 so với M1 + M2 | B14: 1 | C14: Đề xuất của mình: M3 cùng số lượng để cân bằng 'giọng sinh' giữa miền xe và ngoài miền.
A15: Tỷ lệ giờ sinh : thật mục tiêu | B15: 1 | C15: Versatile TTS: 1:1 (tiếng Hàn); thêm nữa gần như không cải thiện.
A16: Giờ dữ liệu thật ngoài miền xe dự kiến | B16: 100 | C16: Số ví dụ; nhập khi chọn bộ dữ liệu thật.
A18: Người nói theo vùng
A19: Vùng | B19: Tỷ lệ | C19: Số người nói mục tiêu | D19: Nữ | E19: Nam | F19: Đã chọn (Ho_so_nguoi_noi) | G19: Còn thiếu
A20: Bắc | B20: =B6 -> 0.3 | C20: =ROUND($B$5*B20,0) -> 18 | D20: =ROUND(C20*$B$10,0) -> 9 | E20: =C20-D20 -> 9 | F20: =COUNTIFS(Ho_so_nguoi_noi!$D$4:$D$300,A20,Ho_so_nguoi_noi!$Q$4:$Q$300,"<>Ví dụ",Ho_so_nguoi_noi!$Q$4:$Q$300,"<>Loại",Ho_so_nguoi_noi!$A$4:$A$300,"<>") -> 0 | G20: =MAX(0,C20-F20) -> 18
A21: Trung | B21: =B7 -> 0.4 | C21: =ROUND($B$5*B21,0) -> 24 | D21: =ROUND(C21*$B$10,0) -> 12 | E21: =C21-D21 -> 12 | F21: =COUNTIFS(Ho_so_nguoi_noi!$D$4:$D$300,A21,Ho_so_nguoi_noi!$Q$4:$Q$300,"<>Ví dụ",Ho_so_nguoi_noi!$Q$4:$Q$300,"<>Loại",Ho_so_nguoi_noi!$A$4:$A$300,"<>") -> 0 | G21: =MAX(0,C21-F21) -> 24
A22: Nam | B22: =B8 -> 0.3 | C22: =$B$5-C20-C21 -> 18 | D22: =ROUND(C22*$B$10,0) -> 9 | E22: =C22-D22 -> 9 | F22: =COUNTIFS(Ho_so_nguoi_noi!$D$4:$D$300,A22,Ho_so_nguoi_noi!$Q$4:$Q$300,"<>Ví dụ",Ho_so_nguoi_noi!$Q$4:$Q$300,"<>Loại",Ho_so_nguoi_noi!$A$4:$A$300,"<>") -> 0 | G22: =MAX(0,C22-F22) -> 18
A23: Tổng | C23: =SUM(C20:C22) -> 60 | D23: =SUM(D20:D22) -> 30 | E23: =SUM(E20:E22) -> 30 | F23: =SUM(F20:F22) -> 0 | G23: =SUM(G20:G22) -> 60
A25: Câu theo case
A26: Mã case | B26: Tên case | C26: Trọng số (sửa được) | D26: Số câu khác nhau mục tiêu | E26: Sức chứa khung (Mau_khung) | F26: Đánh giá khung | G26: Câu mẫu hiện có (M1, M2) | H26: Số lượt đọc | I26: Giờ âm thanh
A27: CS01 | B27: =INDEX(Case_study!$B$4:$B$15,MATCH(A27,Case_study!$A$4:$A$15,0)) -> Dẫn đường | C27: 0.15 | D27: =ROUND($B$11*C27,0) -> 1500 | E27: =SUMIF(Mau_khung!$B$4:$B$61,A27,Mau_khung!$N$4:$N$61) -> 2708 | F27: =IF(E27>=D27,"Đủ khung","Cần thêm khung hoặc diễn đạt lại") -> Đủ khung | G27: =COUNTIFS(Mau_cau!$C$4:$C$300,A27,Mau_cau!$B$4:$B$300,"<>M4") -> 8 | H27: =D27*$B$12 -> 7500 | I27: =H27*$B$13/3600 -> 7.2916667
A28: CS02 | B28: =INDEX(Case_study!$B$4:$B$15,MATCH(A28,Case_study!$A$4:$A$15,0)) -> Cảnh báo an toàn (ADAS) | C28: 0.03 | D28: =ROUND($B$11*C28,0) -> 300 | E28: =SUMIF(Mau_khung!$B$4:$B$61,A28,Mau_khung!$N$4:$N$61) -> 0 | F28: =IF(E28>=D28,"Đủ khung","Cần thêm khung hoặc diễn đạt lại") -> Cần thêm khung hoặc diễn đạt lại | G28: =COUNTIFS(Mau_cau!$C$4:$C$300,A28,Mau_cau!$B$4:$B$300,"<>M4") -> 2 | H28: =D28*$B$12 -> 1500 | I28: =H28*$B$13/3600 -> 1.4583333
A29: CS03 | B29: =INDEX(Case_study!$B$4:$B$15,MATCH(A29,Case_study!$A$4:$A$15,0)) -> Điều khiển xe | C29: 0.14 | D29: =ROUND($B$11*C29,0) -> 1400 | E29: =SUMIF(Mau_khung!$B$4:$B$61,A29,Mau_khung!$N$4:$N$61) -> 90 | F29: =IF(E29>=D29,"Đủ khung","Cần thêm khung hoặc diễn đạt lại") -> Cần thêm khung hoặc diễn đạt lại | G29: =COUNTIFS(Mau_cau!$C$4:$C$300,A29,Mau_cau!$B$4:$B$300,"<>M4") -> 9 | H29: =D29*$B$12 -> 7000 | I29: =H29*$B$13/3600 -> 6.8055556
A30: CS04 | B30: =INDEX(Case_study!$B$4:$B$15,MATCH(A30,Case_study!$A$4:$A$15,0)) -> Giải trí (nhạc, radio) | C30: 0.12 | D30: =ROUND($B$11*C30,0) -> 1200 | E30: =SUMIF(Mau_khung!$B$4:$B$61,A30,Mau_khung!$N$4:$N$61) -> 400 | F30: =IF(E30>=D30,"Đủ khung","Cần thêm khung hoặc diễn đạt lại") -> Cần thêm khung hoặc diễn đạt lại | G30: =COUNTIFS(Mau_cau!$C$4:$C$300,A30,Mau_cau!$B$4:$B$300,"<>M4") -> 5 | H30: =D30*$B$12 -> 6000 | I30: =H30*$B$13/3600 -> 5.8333333
A31: CS05 | B31: =INDEX(Case_study!$B$4:$B$15,MATCH(A31,Case_study!$A$4:$A$15,0)) -> Điện thoại và tin nhắn | C31: 0.12 | D31: =ROUND($B$11*C31,0) -> 1200 | E31: =SUMIF(Mau_khung!$B$4:$B$61,A31,Mau_khung!$N$4:$N$61) -> 300 | F31: =IF(E31>=D31,"Đủ khung","Cần thêm khung hoặc diễn đạt lại") -> Cần thêm khung hoặc diễn đạt lại | G31: =COUNTIFS(Mau_cau!$C$4:$C$300,A31,Mau_cau!$B$4:$B$300,"<>M4") -> 6 | H31: =D31*$B$12 -> 6000 | I31: =H31*$B$13/3600 -> 5.8333333
A32: CS06 | B32: =INDEX(Case_study!$B$4:$B$15,MATCH(A32,Case_study!$A$4:$A$15,0)) -> Trạng thái xe và bảo dưỡng | C32: 0.05 | D32: =ROUND($B$11*C32,0) -> 500 | E32: =SUMIF(Mau_khung!$B$4:$B$61,A32,Mau_khung!$N$4:$N$61) -> 48 | F32: =IF(E32>=D32,"Đủ khung","Cần thêm khung hoặc diễn đạt lại") -> Cần thêm khung hoặc diễn đạt lại | G32: =COUNTIFS(Mau_cau!$C$4:$C$300,A32,Mau_cau!$B$4:$B$300,"<>M4") -> 3 | H32: =D32*$B$12 -> 2500 | I32: =H32*$B$13/3600 -> 2.4305556
A33: CS07 | B33: =INDEX(Case_study!$B$4:$B$15,MATCH(A33,Case_study!$A$4:$A$15,0)) -> Sạc xe điện và trạm nhiên liệu | C33: 0.06 | D33: =ROUND($B$11*C33,0) -> 600 | E33: =SUMIF(Mau_khung!$B$4:$B$61,A33,Mau_khung!$N$4:$N$61) -> 32 | F33: =IF(E33>=D33,"Đủ khung","Cần thêm khung hoặc diễn đạt lại") -> Cần thêm khung hoặc diễn đạt lại | G33: =COUNTIFS(Mau_cau!$C$4:$C$300,A33,Mau_cau!$B$4:$B$300,"<>M4") -> 4 | H33: =D33*$B$12 -> 3000 | I33: =H33*$B$13/3600 -> 2.9166667
A34: CS08 | B34: =INDEX(Case_study!$B$4:$B$15,MATCH(A34,Case_study!$A$4:$A$15,0)) -> Giao thông và thời tiết | C34: 0.07 | D34: =ROUND($B$11*C34,0) -> 700 | E34: =SUMIF(Mau_khung!$B$4:$B$61,A34,Mau_khung!$N$4:$N$61) -> 252 | F34: =IF(E34>=D34,"Đủ khung","Cần thêm khung hoặc diễn đạt lại") -> Cần thêm khung hoặc diễn đạt lại | G34: =COUNTIFS(Mau_cau!$C$4:$C$300,A34,Mau_cau!$B$4:$B$300,"<>M4") -> 4 | H34: =D34*$B$12 -> 3500 | I34: =H34*$B$13/3600 -> 3.4027778
A35: CS09 | B35: =INDEX(Case_study!$B$4:$B$15,MATCH(A35,Case_study!$A$4:$A$15,0)) -> Khẩn cấp và cứu hộ | C35: 0.03 | D35: =ROUND($B$11*C35,0) -> 300 | E35: =SUMIF(Mau_khung!$B$4:$B$61,A35,Mau_khung!$N$4:$N$61) -> 4 | F35: =IF(E35>=D35,"Đủ khung","Cần thêm khung hoặc diễn đạt lại") -> Cần thêm khung hoặc diễn đạt lại | G35: =COUNTIFS(Mau_cau!$C$4:$C$300,A35,Mau_cau!$B$4:$B$300,"<>M4") -> 4 | H35: =D35*$B$12 -> 1500 | I35: =H35*$B$13/3600 -> 1.4583333
A36: CS10 | B36: =INDEX(Case_study!$B$4:$B$15,MATCH(A36,Case_study!$A$4:$A$15,0)) -> Hội thoại và gợi ý chủ động | C36: 0.11 | D36: =ROUND($B$11*C36,0) -> 1100 | E36: =SUMIF(Mau_khung!$B$4:$B$61,A36,Mau_khung!$N$4:$N$61) -> 2020 | F36: =IF(E36>=D36,"Đủ khung","Cần thêm khung hoặc diễn đạt lại") -> Đủ khung | G36: =COUNTIFS(Mau_cau!$C$4:$C$300,A36,Mau_cau!$B$4:$B$300,"<>M4") -> 5 | H36: =D36*$B$12 -> 5500 | I36: =H36*$B$13/3600 -> 5.3472222
A37: CS11 | B37: =INDEX(Case_study!$B$4:$B$15,MATCH(A37,Case_study!$A$4:$A$15,0)) -> Hành khách và trẻ em | C37: 0.03 | D37: =ROUND($B$11*C37,0) -> 300 | E37: =SUMIF(Mau_khung!$B$4:$B$61,A37,Mau_khung!$N$4:$N$61) -> 0 | F37: =IF(E37>=D37,"Đủ khung","Cần thêm khung hoặc diễn đạt lại") -> Cần thêm khung hoặc diễn đạt lại | G37: =COUNTIFS(Mau_cau!$C$4:$C$300,A37,Mau_cau!$B$4:$B$300,"<>M4") -> 3 | H37: =D37*$B$12 -> 1500 | I37: =H37*$B$13/3600 -> 1.4583333
A38: CS12 | B38: =INDEX(Case_study!$B$4:$B$15,MATCH(A38,Case_study!$A$4:$A$15,0)) -> Lỗi, làm rõ và ngoại tuyến | C38: 0.09 | D38: =ROUND($B$11*C38,0) -> 900 | E38: =SUMIF(Mau_khung!$B$4:$B$61,A38,Mau_khung!$N$4:$N$61) -> 140 | F38: =IF(E38>=D38,"Đủ khung","Cần thêm khung hoặc diễn đạt lại") -> Cần thêm khung hoặc diễn đạt lại | G38: =COUNTIFS(Mau_cau!$C$4:$C$300,A38,Mau_cau!$B$4:$B$300,"<>M4") -> 12 | H38: =D38*$B$12 -> 4500 | I38: =H38*$B$13/3600 -> 4.375
A39: Tổng | C39: =SUM(C27:C38) -> 1 | D39: =SUM(D27:D38) -> 10000 | E39: =SUM(E27:E38) -> 5994 | F39: =IF(ROUND(C39,6)=1,"Tổng trọng số = 100%","Tổng trọng số khác 100%") -> Tổng trọng số = 100% | G39: =SUM(G27:G38) -> 65 | H39: =SUM(H27:H38) -> 50000 | I39: =SUM(I27:I38) -> 48.611111
A41: Giờ âm thanh và tỷ lệ sinh : thật
A42: Giờ M1 + M2 (sinh) | B42: =I39 -> 48.611111
A43: Giờ M3 (sinh, ngoài miền xe) | B43: =B42*B14 -> 48.611111
A44: Tổng giờ sinh | B44: =B42+B43 -> 97.222222
A45: Giờ dữ liệu thật ngoài miền xe | B45: =B16 -> 100
A46: Tỷ lệ sinh : thật hiện tại | B46: =IF(B45=0,"",B44/B45) -> 0.97222222
A47: Đánh giá so với mục tiêu | B47: =IF(B46="","",IF(ABS(B46-B15)<=0.25*B15,"Gần mục tiêu","Lệch mục tiêu: chỉnh số lượt đọc hoặc giờ thật")) -> Gần mục tiêu | C47: Ngưỡng 25% là mình đặt tạm.

Sheet Preset_moi_truong
A1: 17 preset môi trường
A2: Dùng ở bước trộn nhiễu (bước 4). Cột xanh lá là bổ sung ở bản 0.3. E16, E17 thuộc phía loa phát (M5), không dùng cho ASR.
A3: Mã | B3: Tên | C3: Mô tả | D3: Trạng thái xe | E3: Tốc độ (km/h) | F3: Ồn dB(A) | G3: Nguồn ồn | H3: SNR mục tiêu (dB) | I3: Mức điều hòa | J3: Cửa kính | K3: Nhạc | L3: Mưa | M3: Số người | N3: Mục tiêu đánh giá | O3: Case dùng | P3: Dùng cho ASR | Q3: Có nguồn ồn thật | R3: Nguồn ồn gợi ý
A4: E01 | B4: Đỗ xe, yên tĩnh | C4: Xe đứng yên, máy tắt hoặc chạy cầm chừng. | D4: Đỗ xe | E4: 0 | F4: 35–45 | G4: Gần như không có; tiếng ngoài trời | H4: 10 | I4: 0 | J4: Đóng | K4: Không | L4: Không | M4: 1 | N4: Độ tự nhiên, ngắt nghỉ, đọc đúng số | O4: CS03, CS06, CS07, CS09, CS10 | P4: Có | Q4: Có | R4: Nền yên tĩnh hoặc không trộn; làm đối chứng.
A5: E02 | B5: Nội đô 30–50 km/h | C5: Chạy trong phố, xe máy và còi xung quanh. | D5: Nội đô | E5: 40 | F5: 55–65 | G5: Lốp, giao thông ngoài, còi | H5: 12 | I5: 2 | J5: Đóng | K5: Không | L5: Không | M5: 1 | N5: Độ rõ trong nhiễu vừa, đọc tên riêng | O5: CS01, CS03, CS04, CS05, CS06, CS07, CS08, CS10, CS11, CS12 | P5: Có | Q5: Có | R5: AISHELL-5 (nền ồn trong xe khoảng 40 giờ, chưa rõ điều kiện chạy) hoặc CAVEMOVE (ồn khi xe chạy); cần nghe và phân loại trước.
A6: E03 | B6: Cao tốc 100–120 km/h | C6: Chạy tốc độ cao, gió và lốp lớn. | D6: Cao tốc | E6: 110 | F6: 68–75 | G6: Gió, lốp, mặt đường | H6: 15 | I6: 3 | J6: Đóng | K6: Không | L6: Không | M6: 2 | N6: Độ rõ khi ồn cao, nhận biết khẩn cấp | O6: CS01, CS02, CS06, CS09, CS12 | P6: Có | Q6: Có | R6: Như E02; cần chọn đoạn tốc độ cao nếu có nhãn.
A7: E04 | B7: Mưa lớn, gạt nước | C7: Mưa to, gạt nước chạy liên tục. | D7: Nội đô | E7: 60 | F7: 65–75 | G7: Mưa, gạt nước, lốp trên mặt ướt | H7: 15 | I7: 4 | J7: Đóng | K7: Không | L7: Mưa to | M7: 1 | N7: Độ rõ với nhiễu xung lặp | O7: CS02, CS08, CS09 | P7: Có | Q7: Có | R7: Chưa tìm được nguồn mưa trong xe; tự ghi hoặc kho âm thanh công khai (chưa kiểm giấy phép).
A8: E05 | B8: Mở cửa kính khi chạy | C8: Cửa kính mở hoàn toàn, gió lùa vào khoang. | D8: Nội đô | E8: 60 | F8: 72–85 | G8: Gió lùa, giao thông ngoài | H8: 15 | I8: 1 | J8: Mở hoàn toàn | K8: Không | L8: Không | M8: 1 | N8: Độ rõ phụ âm xát, mức khẩn cấp | O8: CS02, CS03 | P8: Có | Q8: Có | R8: Chưa tìm được nguồn; tự ghi một xe nếu có.
A9: E06 | B9: Điều hòa quạt tối đa | C9: Quạt gió mức cao nhất khi trời nóng. | D9: Nội đô | E9: 20 | F9: 55–65 | G9: Quạt điều hòa | H9: 12 | I9: 5 | J9: Đóng | K9: Không | L9: Không | M9: 1 | N9: Độ rõ phụ âm, đọc đúng mức/thông số | O9: CS03 | P9: Có | Q9: Có | R9: Tự ghi quạt điều hòa hoặc kho công khai (chưa kiểm giấy phép).
A10: E07 | B10: Nhạc lớn và hành khách nói chuyện | C10: Nhạc to, nhiều người nói chuyện cùng lúc. | D10: Nội đô | E10: 40 | F10: 65–75 | G10: Nhạc, tiếng người (babble) | H10: 15 | I10: 2 | J10: Đóng | K10: Lớn | L10: Không | M10: 4 | N10: Độ rõ khi có tiếng người, hạ nhạc (ducking) | O10: CS02, CS04, CS05, CS11, CS12 | P10: Có | Q10: Có | R10: Trộn nhạc (kiểm bản quyền) và giọng người từ kho giọng thật làm nền nhiều người nói.
A11: E08 | B11: Xe điện chạy chậm, rất yên tĩnh | C11: Xe điện ở tốc độ thấp, nền ồn thấp. | D11: Nội đô | E11: 20 | F11: 40–50 | G11: Gió nhẹ, lốp, tiếng rít điện | H11: 10 | I11: 2 | J11: Đóng | K11: Không | L11: Không | M11: 1 | N11: Độ tự nhiên khi nền yên, lỗi nhỏ lộ rõ | O11: CS04, CS07, CS10, CS11 | P11: Có | Q11: Có | R11: Chưa tìm được nguồn xe điện; tự ghi nếu có.
A12: E09 | B12: Đường xấu, rung xóc | C12: Mặt đường gồ ghề, gờ giảm tốc. | D12: Đường xấu | E12: 40 | F12: 65–75 | G12: Lốp, rung, tiếng cấu trúc | H12: 15 | I12: 2 | J12: Đóng | K12: Không | L12: Không | M12: 1 | N12: Độ rõ với nhiễu xung ngắt quãng | P12: Có | Q12: Có | R12: Chưa tìm được nguồn; tự ghi nếu có.
A13: E10 | B13: Hầm chui, dưới gầm cầu | C13: Phản xạ âm mạnh, vang, nền ồn tăng. | D13: Hầm | E13: 50 | F13: 70–80 | G13: Phản xạ tiếng lốp, tiếng động cơ xe khác | H13: 15 | I13: 2 | J13: Đóng | K13: Không | L13: Không | M13: 1 | N13: Độ rõ với vang, mất mạng giữa chừng | O13: CS01, CS12 | P13: Có | Q13: Có | R13: Cần đáp ứng xung hầm; chưa tìm được nguồn, có thể mô phỏng.
A14: E11 | B14: Cuộc gọi qua Bluetooth | C14: Phát qua Bluetooth hands-free, băng thông hẹp. | D14: Nội đô | E14: 40 | F14: 55–65 | G14: Nền nội đô, nén tín hiệu Bluetooth | H14: 12 | I14: 2 | J14: Đóng | K14: Không | L14: Không | M14: 1 | N14: Độ dễ nghe qua Bluetooth, đọc số điện thoại | O14: CS05 | P14: Có | Q14: Một phần | R14: Codec Bluetooth tất định (SBC, mSBC); chỉ áp dụng nếu mic đi qua Bluetooth.
A15: E12 | B15: Kẹt xe, còi inh ỏi | C15: Đi chậm hoặc dừng, còi xe liên tục. | D15: Kẹt xe | E15: 10 | F15: 65–75 | G15: Còi xe, động cơ xe quanh | H15: 15 | I15: 3 | J15: Đóng | K15: Không | L15: Không | M15: 1 | N15: Độ rõ với xung còi, câu bị che âm tiết | O15: CS01, CS08 | P15: Có | Q15: Có | R15: Còi xe từ kho âm thanh công khai (chưa kiểm giấy phép) trộn lên nền nội đô.
A16: E13 | B16: Chuyển trạng thái giữa câu | C16: Nền ồn đổi giữa câu: vào hầm hoặc mở kính khi đang đọc. | D16: Hầm | E16: 50 | F16: 60–80 (đổi giữa câu) | G16: Chuyển từ nền nội đô sang phản xạ trong hầm | H16: 12 | I16: 2 | J16: Đóng | K16: Không | L16: Không | M16: 1 | N16: Độ rõ đoạn cuối câu khi SNR tụt giữa chừng | O16: CS01 | P16: Có | Q16: Có | R16: Ghép hai nền ồn theo thời gian (nội đô sang hầm).
A17: E14 | B17: Âm báo xe chồng thông báo | C17: Chuông cảnh báo, xi-nhan hoặc bíp chồng lên giọng trợ lý. | D17: Nội đô | E17: 40 | F17: 55–65 (kèm âm báo) | G17: Nền nội đô và âm báo của xe | H17: 12 | I17: 2 | J17: Đóng | K17: Không | L17: Không | M17: 1 | N17: Độ rõ khi bị âm báo chồng | O17: CS02 | P17: Có | Q17: Có | R17: Âm báo của xe: thu từ một xe thật hoặc từ tài liệu hãng.
A18: E15 | B18: Cuộc gọi qua điện thoại (CarPlay, Android Auto) | C18: Giọng đi qua codec cuộc gọi băng hẹp của điện thoại. | D18: Nội đô | E18: 40 | F18: 55–65 | G18: Nền nội đô, nén codec cuộc gọi | H18: 12 | I18: 2 | J18: Đóng | K18: Không | L18: Không | M18: 1 | N18: Độ dễ nghe qua codec cuộc gọi, đọc số điện thoại | O18: CS05 | P18: Có | Q18: Một phần | R18: Codec cuộc gọi tất định; chỉ áp dụng khi tiếng nói đi qua điện thoại.
A19: E16 | B19: Mạng yếu khi TTS chạy đám mây | C19: Trễ biến động và mất gói trên đường truyền. | D19: Cao tốc | E19: 100 | F19: 68–75 | G19: Nền cao tốc; mạng mất gói và trễ | H19: 15 | I19: 3 | J19: Đóng | K19: Không | L19: Không | M19: 1 | N19: Độ trễ phát, tỷ lệ ngắt quãng, chuyển sang giọng trên xe | O19: CS12 | P19: Không (M5) | Q19: Không | R19: Dành cho TTS chạy đám mây phát ra loa; thuộc M5, ngoài phạm vi ASR.
A20: E17 | B20: Loa quá tải, âm lượng cao | C20: Nhạc và ồn cao khiến phải tăng âm lượng, loa bị méo. | D20: Nội đô | E20: 40 | F20: 65–75 | G20: Nhạc lớn, loa bị cắt đỉnh | H20: 15 | I20: 2 | J20: Đóng | K20: Lớn | L20: Không | M20: 2 | N20: Độ rõ khi loa méo | O20: CS04, CS09 | P20: Không (M5) | Q20: Không | R20: Dành cho loa quá tải khi phát; thuộc M5, ngoài phạm vi ASR.

Sheet Danh_gia
A1: Điểm giải pháp và điểm giữ giọng vùng
A2: Thang 10, nhận định của mình, không phải số đo. Trọng số bốn tiêu chí bằng nhau (cột Trung bình = AVERAGE). Điểm được chấm lại ở bản 0.3 nên có thể lệch vài điểm so với bảng trong chat trước.
A3: Mã | B3: Khoảng trống | C3: Giải pháp | D3: Bằng chứng | E3: Hiệu quả kỳ vọng | F3: Khả thi | G3: An toàn (ít rủi ro) | H3: Trung bình | I3: Căn cứ
A4: S1 | B4: Giữ giọng vùng | C4: Tinh chỉnh TTS trên giọng có nhãn vùng, cân bằng ba miền | D4: 7 | E4: 8 | F4: 6 | G4: 5 | H4: =ROUND(AVERAGE(D4:G4),1) -> 6.5 | I4: Singlish: độ giống giọng vùng của Chatterbox 0,51 → 0,64, có cả trên người nói chưa thấy; nhưng WER 11,5% → 15,4%. Chỉ thử trên tiếng Anh.
A5: S2 | B5: Giữ giọng vùng | C5: Chọn đoạn giọng tham chiếu cùng vùng (kiểu CLARITY) | D5: 5 | E5: 5 | F5: 9 | G5: 8 | H5: =ROUND(AVERAGE(D5:G5),1) -> 6.8 | I5: CLARITY (chỉ đọc tóm tắt): viết lại text cho đúng phương ngữ và dùng đoạn tham chiếu cùng giọng; zero-shot vốn yếu ở giọng vùng.
A6: S3 | B6: Giữ giọng vùng | C6: Điều kiện theo mã người nói (tập giọng đóng) | D6: 6 | E6: 7 | F6: 5 | G6: 6 | H6: =ROUND(AVERAGE(D6:G6),1) -> 6 | I6: Singlish: bản điều kiện theo mã người nói giữ giọng vùng tốt nhất (0,66) nhưng chỉ chạy với người đã thấy; cần nhiều giờ mỗi người.
A7: S4 | B7: Giữ giọng vùng | C7: Điều hướng giọng không cần huấn luyện (activation steering, accent vector) | D7: 4 | E7: 4 | F7: 3 | G7: 4 | H7: =ROUND(AVERAGE(D7:G7),1) -> 3.8 | I7: Chỉ đọc tóm tắt; chủ yếu để bỏ hoặc điều khiển giọng trong tiếng Anh, trong khi bạn cần thêm giọng Trung.
A8: S5 | B8: Độ giống người nói | C8: Chọn và làm sạch đoạn tham chiếu, đo bằng độ giống người nói | D8: 5 | E8: 6 | F8: 9 | G8: 8 | H8: =ROUND(AVERAGE(D8:G8),1) -> 7 | I8: WildSpoof (tóm tắt): làm sạch đoạn tham chiếu tăng độ bền; chưa đọc kết quả về độ dài và chất lượng đoạn.
A9: S6 | B9: Độ giống người nói | C9: Coi độ giống là ràng buộc; ưu tiên số người nói và đa dạng câu | D9: 7 | E9: 8 | F9: 9 | G9: 7 | H9: =ROUND(AVERAGE(D9:G9),1) -> 7.8 | I9: Ogun et al. và Versatile TTS: thêm người nói chỉ giảm WER khoảng 2%; khoảng 50–100 người nói là đủ (Mân Nam, tiếng Anh).
A10: S7 | B10: Từ địa phương | C10: Viết lại text theo từ vựng vùng, người bản ngữ duyệt | D10: 5 | E10: 5 | F10: 9 | G10: 8 | H10: =ROUND(AVERAGE(D10:G10),1) -> 6.8 | I10: Cần nhưng không đủ một mình: từ vựng đổi được bằng text, cách phát âm thì không (Jewell 2022).
A11: S8 | B11: Số câu quá ít | C11: Mở rộng lên hàng nghìn câu khác nhau (mẫu × khe, LLM diễn đạt lại, người duyệt) | D11: 8 | E11: 9 | F11: 8 | G11: 6 | H11: =ROUND(AVERAGE(D11:G11),1) -> 7.8 | I11: Versatile TTS: đa dạng câu quan trọng hơn đa dạng người nói; dưới khoảng 10.000 câu thì CER tăng rõ (Mân Nam).
A12: S9 | B12: Nhiễu xe | C12: Trộn nhiễu và vang vào âm thanh TTS khi tạo dữ liệu ASR | D12: 8 | E12: 7 | F12: 10 | G12: 9 | H12: =ROUND(AVERAGE(D12:G12),1) -> 8.5 | I12: Ogun et al.: nhiễu giảm WER 5,1%, nhiễu cộng vang 6,6% (tiếng Anh).
A13: S10 | B13: Lombard | C13: Điều khiển TTS theo kiểu Lombard | D13: 3 | E13: 4 | F13: 3 | G13: 4 | H13: =ROUND(AVERAGE(D13:G13),1) -> 3.5 | I13: Paper Lombard TTS (tóm tắt): chưa có số liệu ASR.
A14: S12 | B14: Lỗi đầu ra | C14: Lọc bằng ASR hai chiều và tỷ lệ độ dài, kiểm tỷ lệ loại theo vùng | D14: 6 | E14: 6 | F14: 9 | G14: 6 | H14: =ROUND(AVERAGE(D14:G14),1) -> 6.8 | I14: Singlish dùng lọc WER; paper đánh giá giọng vùng nói WER hạn chế với giọng ít dữ liệu.
A15: S13 | B15: Đo giọng vùng | C15: Độ giống giọng vùng + nghe so sánh XAB bởi người bản ngữ + bộ phân loại phương ngữ | D15: 6 | E15: 7 | F15: 7 | G15: 7 | H15: =ROUND(AVERAGE(D15:G15),1) -> 6.8 | I15: ViMD: bộ phân loại giọng Trung chỉ đạt F1 62,5%, nên chỉ làm chỉ báo phụ.
... A20: H4 | B20: Hướng dữ liệu | C20: Dùng tiếng ồn xe thật (AISHELL-5, CAVEMOVE) thay cho tiếng ồn mô phỏng | D20: 7 | E20: 7 | F20: 8 | G20: 6 | H20: =ROUND(AVERAGE(D20:G20),1) -> 7 | I20: Nhiễu giúp (Ogun et al.); nhiễu xe thật tốt hơn nhiễu mô phỏng thì chưa có bằng chứng; giấy phép CC BY-SA cần cân nhắc.
A22: Không nên dùng
A23: S11 | B23: Dịch cao độ hoặc đổi giọng để tăng độ phủ F0 | C23: Không nên dùng: Ogun et al. thấy cả hai không hiệu quả (WER tệ hơn 0,8% và 2,2%). Chọn người nói có F0 tự nhiên khác nhau.
A26: Điểm giữ giọng vùng (thang 10, nhận định của mình)
A27: Vùng | D27: Zero-shot | E27: Có tinh chỉnh theo vùng | F27: Tăng thêm | I27: Nhận xét
A28: Bắc | D28: 6 | E28: 7.5 | F28: =E28-D28 -> 1.5 | I28: Giọng chuẩn, dữ liệu nhiều nhất; ít bị kéo lệch.
A29: Nam | D29: 5 | E29: 7 | F29: =E29-D29 -> 2 | I29: Thanh hỏi và ngã gộp; có thể bị kéo về giọng chuẩn.
A30: Trung | D30: 3 | E30: 5.5 | F30: =E30-D30 -> 2.5 | I30: Ít dữ liệu nhất, khó nhất với ASR (WER 17,15% ở ViMD); không phải một giọng duy nhất.
A31: Trung bình ba vùng | D31: =ROUND(AVERAGE(D28:D30),1) -> 4.7 | E31: =ROUND(AVERAGE(E28:E30),1) -> 6.7 | F31: =ROUND(AVERAGE(F28:F30),1) -> 2
A32: Chưa có paper nào đo độ giữ giọng vùng của TTS tiếng Việt; các điểm này suy từ ViMD (WER theo vùng) và Singlish (tiếng Anh).

Sheet Ho_so_nguoi_noi
A1: Hồ sơ giọng thật sẽ clone
A2: Dòng 'Ví dụ' chỉ minh họa định dạng, không phải người thật, và không được tính vào số người đã chọn. Thay bằng người chọn từ bộ dữ liệu thật sau khi kiểm giấy phép.
A3: speaker_id | B3: Nguồn dữ liệu | C3: Mã trong bộ gốc | D3: Vùng (3) | E3: Tiểu vùng | F3: Giới | G3: Nhóm tuổi | H3: F0 trung bình (Hz, đo) | I3: Dải F0 | J3: Chất giọng | K3: Giờ giọng sạch có sẵn | L3: Số đoạn tham chiếu | M3: Độ dài đoạn tham chiếu (giây) | N3: SNR đoạn tham chiếu (dB, đo) | O3: Bản ngữ vùng duyệt | P3: Giấy phép cho phép clone | Q3: Trạng thái | R3: Ghi chú
A4: VD-001 | B4: (ví dụ) tên bộ dữ liệu | C4: (mã gốc) | D4: Bắc | E4: Bắc Bộ | F4: Nữ | G4: Thanh niên (18–34) | H4: 210 | K4: 8 | L4: 3 | M4: 12 | N4: 25 | O4: Chưa | P4: Chưa | Q4: Ví dụ | R4: Dòng ví dụ; thay khi có dữ liệu.
A5: VD-002 | B5: (ví dụ) tên bộ dữ liệu | C5: (mã gốc) | D5: Trung | E5: Trung Bộ (chưa chia tiểu vùng) | F5: Nam | G5: Trung niên (35–54) | H5: 120 | K5: 5 | L5: 3 | M5: 10 | N5: 22 | O5: Chưa | P5: Chưa | Q5: Ví dụ | R5: Dòng ví dụ; thay khi có dữ liệu.
A6: VD-003 | B6: (ví dụ) tên bộ dữ liệu | C6: (mã gốc) | D6: Nam | E6: Nam Bộ | F6: Nữ | G6: Thanh niên (18–34) | H6: 200 | K6: 6 | L6: 3 | M6: 11 | N6: 28 | O6: Chưa | P6: Chưa | Q6: Ví dụ | R6: Dòng ví dụ; thay khi có dữ liệu.
A8: Điều kiện cho đoạn tham chiếu: sạch, một người nói, không nhạc nền, không vang rõ, độ dài và SNR ghi lại; giọng đọc cùng vùng với từ vựng của câu sẽ sinh. Ngưỡng cụ thể chưa có bằng chứng.

Sheet Nguon_giay_phep
A1: Nguồn dữ liệu và giấy phép
A2: Chỉ ghi điều đã kiểm qua bài báo hoặc trang dữ liệu; 'chưa rõ' nghĩa là chưa tìm thấy, cần đọc điều khoản gốc trước khi dùng.
A3: Nguồn | B3: Loại | C3: Dùng cho | D3: Giấy phép | E3: Tình trạng kiểm tra | F3: Quy mô
A4: PhoAudiobook | B4: Dữ liệu TTS tiếng Việt | C4: Tham khảo, giọng tham chiếu | D4: Chỉ phi thương mại (không nêu tên giấy phép cụ thể) | E4: Đã kiểm qua bài báo | F4: 941 giờ, 735 giọng
A5: viVoice | B5: Dữ liệu giọng nói | C5: Tham khảo | D5: CC-BY-NC-SA 4.0 | E5: Đã kiểm trong bài PhoASR (Bảng 1)
A6: VSV-1100 | B6: Dữ liệu giọng nói | C6: Tham khảo, ASR | D6: Apache 2.0 | E6: Đã kiểm trong bài PhoASR (Bảng 1)
A7: BUD500 | B7: Dữ liệu giọng nói | C7: Tham khảo | D7: CC-BY-NC-SA 4.0 | E7: Đã kiểm trong bài PhoASR (Bảng 1) | F7: Bài PhoASR thấy nhiều nhãn sai
A8: LSVSC | B8: Dữ liệu giọng nói | C8: Phân loại phương ngữ, ASR | D8: CC-BY 4.0 | E8: Đã kiểm trong bài PhoASR (Bảng 1) | F8: Có thông tin vùng
A9: ViMD | B9: Dữ liệu đa phương ngữ | C9: Tham chiếu phương ngữ | D9: CC-BY-NC-ND 4.0 | E9: Đã kiểm trong bài PhoASR (Bảng 1) | F9: Điều khoản ND và NC hạn chế dùng thương mại và tạo bản phái sinh
A10: VietMed-L | B10: Dữ liệu y tế | C10: Ngoài miền xe | D10: CC-BY-4.0 | E10: Đã kiểm trong bài PhoASR (Bảng 1) | F10: Nhiều nhãn sai theo bài PhoASR
A11: VIVOS | B11: Dữ liệu đọc | C11: Tập kiểm tra câu ngắn | D11: CC-BY-NC-SA-4.0 | E11: Đã kiểm trong bài PhoASR (Bảng 1) | F11: Câu ngắn, dùng để thử TTS
A12: Common Voice tiếng Việt (CMV-vi-14) | B12: Dữ liệu đọc | C12: Tham khảo | D12: CC0 | E12: Đã kiểm trong bài PhoASR (Bảng 1) | F12: Dưới 5 giờ đã duyệt
A13: FOSD, VLSP2020, Vietnam-Celeb | B13: Dữ liệu giọng nói | C13: Tham khảo | D13: Tùy chỉnh | E13: Đã kiểm trong bài PhoASR (Bảng 1) | F13: Đọc kỹ điều khoản từng bộ
A14: XTTS-v2 | B14: Mô hình TTS | C14: Sinh giọng | D14: Coqui Public Model License (CPML) | E14: Đã kiểm trên trang mô hình | F14: Không có tiếng Việt trong 17 ngôn ngữ chính thức
A15: F5-TTS | B15: Mô hình TTS | C15: Sinh giọng, điều khiển tốc độ | D15: Chưa kiểm tra giấy phép trọng số | E15: Chưa kiểm | F15: Bài báo nêu RTF 0,15
A16: viXTTS | B16: Mô hình TTS tiếng Việt | C16: Mô hình đối chứng | D16: Theo khảo sát trước ghi là hạn chế thương mại (CPML) | E16: Chưa kiểm lại | F16: Tinh chỉnh từ XTTS-v2 trên viVoice theo bài PhoAudiobook
A17: MUSAN, DEMAND, FSD50K, DNS Challenge noise | B17: Kho tiếng ồn | C17: Nền ồn chung | D17: Chưa kiểm tra | E17: Chưa kiểm | F17: Kiểm từng bộ trước khi dùng thương mại
A18: OpenSLR RIRS_NOISES, BUT ReverbDB | B18: Kho đáp ứng xung | C18: RIR tham khảo | D18: Chưa kiểm tra | E18: Chưa kiểm | F18: Chủ yếu là phòng, không phải khoang xe
A19: pyroomacoustics, audiomentations, pyloudnorm, pyworld, librosa, Parselmouth | B19: Thư viện | C19: Mô phỏng và đo | D19: Chưa kiểm tra | E19: Chưa kiểm | F19: Kiểm giấy phép khi đưa vào sản phẩm
A20: Bộ xử lý âm thanh WebRTC | B20: Thư viện | C20: AEC, NS, AGC | D20: Chưa kiểm tra | E20: Chưa kiểm
A21: ffmpeg, SoX, tc netem | B21: Công cụ | C21: Mã hóa, biến đổi, mô phỏng mạng | D21: Chưa kiểm tra | E21: Chưa kiểm | F21: Kiểm hỗ trợ SBC, mSBC, AMR trong bản cài của bạn
A22: PhoWhisper, ChunkFormer, WhisperX | B22: Mô hình ASR và căn chỉnh | C22: Kiểm WER, đo tốc độ | D22: Chưa kiểm tra | E22: Có nêu trong bài PhoASR | F22: Giám khảo ASR có thiên lệch theo giọng
A23: PhoTextNormalization | B23: Mô hình chuẩn hóa văn bản | C23: Chuẩn hóa số, viết tắt | D23: Chưa kiểm tra | E23: Có nêu trong bài PhoASR
A24: OpenStreetMap | B24: Dữ liệu địa danh | C24: Tên đường, địa danh | D24: ODbL (cần ghi nguồn) | E24: Hiểu biết chung, chưa kiểm lại

Sheet Tai_lieu
A1: Tài liệu đã dùng
A2: Mức đã đọc: bảng kết quả hoặc toàn văn so với chỉ đọc tóm tắt. Điểm chỉ dựa trên tóm tắt nên coi là gợi ý.
A3: Tài liệu | B3: Đường dẫn | C3: Dùng cho | D3: Mức đã đọc
A4: Zero-Shot Text-to-Speech for Vietnamese (PhoAudiobook) | B4: https://arxiv.org/abs/2506.01322 | C4: 941 giờ, 16 kHz, clip 10–20 s; kết quả XTTS-v2, VALL-E, VoiceCraft | D4: Đã đọc bảng kết quả
A5: Singlish, Can or Not? (Chatterbox, CosyVoice 3) | B5: https://arxiv.org/abs/2607.23027 | C5: Zero-shot mất giọng vùng; tinh chỉnh cải thiện; số liệu giống người nói và giọng vùng | D5: Đã đọc bảng kết quả
A6: Enhancing Low-Resource ASR through Versatile TTS | B6: https://arxiv.org/abs/2410.16726 | C6: Số người nói, số câu, tỷ lệ thật/sinh; từ khóa ô tô, phương ngữ | D6: Đã đọc bảng; dữ liệu nội bộ, một mô hình TTS
A7: An Exhaustive Evaluation of TTS- and VC-based Data Augmentation for ASR | B7: https://arxiv.org/abs/2503.08954 | C7: Nhiễu, vang, người nói, cao độ: yếu tố nào giúp ASR | D7: Đã đọc bảng; tiếng Anh, Glow-TTS
A8: Multi-Dialect Vietnamese: ViMD | B8: https://arxiv.org/html/2410.03458v1 | C8: 102,56 giờ, 63 tỉnh; WER theo vùng; giọng Trung khó nhất | D8: Đã đọc
A9: Cross-dialectal perception of Vietnamese tones (Jewell, Yale 2022) | B9: https://ling.yale.edu/media/227/download | C9: Khác biệt thanh điệu, phụ âm, từ vựng giữa các vùng | D9: Đã đọc
A10: Vietnamese Speech Command Recognition (VSC_FU) | B10: https://ftp.saiconference.com/Downloads/Volume10No7/Paper_28-Vietnamese_Speech_Command_Recognition.pdf | C10: 293 người, 3 miền, 15 lệnh, 8 kHz | D10: Đã đọc
A11: AISHELL-5 (OpenSLR 159) | B11: https://openslr.org/159/ | C11: Khoảng 40 giờ nền ồn trong xe; CC BY-SA 4.0 | D11: Đã đọc trang dữ liệu
A12: CAVEMOVE | B12: https://arxiv.org/abs/2508.19691 | C12: Nhiễu và đáp ứng xung trong xe | D12: Chỉ đọc tóm tắt; giấy phép chưa rõ
A13: VietPrism | B13: https://arxiv.org/abs/2609.30005 | C13: 993 giờ giọng thật, 5 nhóm phương ngữ | D13: Chỉ đọc tóm tắt; giấy phép chưa rõ
A14: SmartNLU (Interspeech 2022) | B14: https://www.isca-archive.org/interspeech_2022/nguyen22c_interspeech.html | C14: Văn bản nhà thông minh tiếng Việt | D14: Chỉ đọc tóm tắt; chưa rõ có âm thanh
... A22: Synthesizing the Lombard Effect in TTS | B22: https://arxiv.org/abs/2606.23176 | C22: TTS mô phỏng hiệu ứng Lombard | D22: Chỉ đọc tóm tắt

Sheet Tu_dia_phuong
A1: Từ vựng vùng miền
A2: Gợi ý ban đầu; người bản ngữ từng vùng cần duyệt trước khi dùng. Ô trống = chưa có từ riêng, dùng từ chuẩn chung.
A3: Nhóm | B3: Khái niệm | C3: Bắc | D3: Trung | E3: Nam | F3: Ghi chú
A4: Giao thông | B4: rẽ (đổi hướng) | C4: rẽ | E4: quẹo | F4: Lệnh dẫn đường và lệnh người dùng
A5: Giao thông | B5: phanh xe | C5: phanh | E5: thắng | F5: Cảnh báo phanh gấp
A6: Giao thông | B6: ngõ nhỏ trong thành phố | C6: ngõ / ngách | E6: hẻm | F6: Địa chỉ, dẫn đường nội đô
A7: Giao thông | B7: tắc đường | C7: tắc đường | E7: kẹt xe | F7: Bản tin giao thông
A8: Giao thông | B8: vòng xuyến | C8: vòng xuyến | E8: vòng xoay / bùng binh | F8: Dẫn đường tại nút giao
A9: Giao thông | B9: lề đường | C9: vỉa hè | E9: lề đường | F9: Hướng dẫn đỗ xe
A10: Giao thông | B10: đỗ xe | C10: đỗ xe | E10: đậu xe | F10: Lệnh tìm chỗ đỗ
A11: Giao thông | B11: cây xăng | C11: cây xăng / trạm xăng | E11: cây xăng | F11: Tìm trạm nhiên liệu
A12: Thiết bị trên xe | B12: kính xe | C12: kính | E12: kiếng | F12: Điều khiển cửa kính
A13: Thiết bị trên xe | B13: lốp xe | C13: lốp | E13: vỏ / lốp | F13: Cảnh báo áp suất lốp
A14: Xưng hô và từ đệm | B14: đồng ý, lịch sự | C14: vâng | D14: dạ | E14: dạ | F14: Câu trả lời của trợ lý
A15: Xưng hô và từ đệm | B15: từ đệm cuối câu | C15: nhé | E15: nha / nghen | F15: Câu thân thiện
A16: Xưng hô và từ đệm | B16: mẹ | C16: mẹ | D16: mạ | E16: má | F16: Danh bạ, gọi điện
A17: Xưng hô và từ đệm | B17: bố | C17: bố | E17: ba / tía | F17: Danh bạ, gọi điện
A18: Chỉ thị | B18: như vậy | C18: thế | D18: rứa | E18: vậy | F18: Hội thoại
A19: Cách đọc số | B19: số 105 | C19: một trăm linh năm | D19: một trăm lẻ năm | E19: một trăm lẻ năm | F19: Bộ chuẩn hóa văn bản
A20: Cách đọc số | B20: 1.000 đồng | C20: một nghìn | E20: một ngàn | F20: Giá nhiên liệu, phí đường

Sheet Tu_vung
A1: muc_dich | B1: speech_act | C1: lexicon_variant | D1: speaker_region | E1: speaker_state | F1: language_mix | G1: buoc | H1: asr_lien_quan | I1: vung_3 | J1: gender | K1: age_group | L1: tieu_vung | M1: f0_band | N1: voice_quality | O1: ho_so_status | P1: kiem | Q1: case_id
A2: M1 | B2: Lệnh | C2: Chuẩn chung | D2: Bắc | E2: Bình thường | F2: Việt | G2: 1. Thiết kế câu (văn bản) | H2: Có | I2: Bắc | J2: Nam | K2: Trẻ em (dưới 13) | L2: Bắc Bộ | M2: Thấp | N2: Bình thường | O2: Ví dụ | P2: Chưa | Q2: CS01
A3: M2 | B3: Câu hỏi | C3: Bắc | D3: Trung | E3: Vội / nói nhanh | F3: Việt + Anh | G3: 2. Chọn giọng và đoạn tham chiếu | H3: Một phần | I3: Trung | J3: Nữ | K3: Thiếu niên (13–17) | L3: Bắc Trung Bộ | M3: Trung bình | N3: Khàn | O3: Đã chọn | P3: Đạt | Q3: CS02
A4: M3 | B4: Trả lời ngắn | C4: Trung | D4: Nam | E4: Căng thẳng / khẩn | G4: 3. Điều khiển khi sinh TTS | H4: Hầu như không | I4: Nam | K4: Thanh niên (18–34) | L4: Nam Trung Bộ | M4: Cao | N4: Thều thào/hơi gió | O4: Đã kiểm | P4: Không đạt | Q4: CS03
A5: M4 | B5: Câu cụt | C5: Nam | D5: Bất kỳ (xoay vòng) | E5: Mệt mỏi | G5: 4. Trộn nhiễu và mô phỏng khoang xe (sau TTS) | K5: Trung niên (35–54) | L5: Tây Nguyên | M5: Rất cao | N5: Căng/the thé | O5: Loại | Q5: CS04
A6: M5 | B6: Kêu cứu | E6: Nói trong ồn (Lombard) | G6: 5. Chuỗi xử lý đầu vào (sau trộn) | K6: Cao tuổi (55 trở lên) | L6: Nam Bộ | N6: Nghẹt mũi | Q6: CS05
E7: Trẻ em | G7: 6. Chỉ để đánh giá | L7: Trung Bộ (chưa chia tiểu vùng) | Q7: CS06
G8: Tinh chỉnh TTS (tùy chọn) | L8: Giọng pha / không xác định | Q8: CS07
G9: Ngoài phạm vi ASR (phía loa hoặc hệ thống) | Q9: CS08
Q10: CS09
Q11: CS10
Q12: CS11
Q13: CS12
